timestamp,source_id,frequency_mhz,signal_strength_dbm,bandwidth_khz,modulation,bearing_deg,duration_sec,site_name,collection_lat,collection_lon,snr_db
2026-06-01 00:00:02.000000,EMITTER-001,275.551,-89.1,25.0,CW,115.3,13.02,"Sigonella, Italy",37.4014,14.9143,6.9
2026-06-01 00:00:02.000000,EMITTER-001,275.551,-87.2,25.0,CW,270.0,13.02,"Souda Bay, Greece",35.4839,24.1335,20.7
2026-06-01 00:00:02.000000,EMITTER-001,275.551,-96.5,25.0,CW,298.7,13.02,"Manama, Bahrain",26.2285,50.586,12.4
2026-06-01 00:00:02.000000,EMITTER-001,275.551,-90.7,25.0,CW,142.1,13.02,"Ramstein, Germany",49.4366,7.6003,21.5
2026-06-01 00:00:02.000000,EMITTER-002,321.834,-85.2,25.0,FSK,83.5,1.89,"Sigonella, Italy",37.4014,14.9143,17.6
2026-06-01 00:00:02.000000,EMITTER-002,321.834,-99.4,25.0,FSK,61.7,1.89,"Souda Bay, Greece",35.4839,24.1335,24.4
2026-06-01 00:00:02.000000,EMITTER-002,321.834,-86.6,25.0,FSK,309.1,1.89,"Manama, Bahrain",26.2285,50.586,8.9
2026-06-01 00:00:02.000000,EMITTER-002,321.834,-108.7,25.0,FSK,117.7,1.89,"Ramstein, Germany",49.4366,7.6003,8.1
2026-06-01 00:00:02.000000,EMITTER-003,397.905,-100.2,200.0,FM,9.9,14.55,"Sigonella, Italy",37.4014,14.9143,12.4
2026-06-01 00:00:02.000000,EMITTER-003,397.905,-104.3,200.0,FM,318.2,14.55,"Souda Bay, Greece",35.4839,24.1335,7.6
2026-06-01 00:00:02.000000,EMITTER-003,397.905,-103.2,200.0,FM,307.7,14.55,"Manama, Bahrain",26.2285,50.586,18.4
2026-06-01 00:00:02.000000,EMITTER-003,397.905,-85.0,200.0,FM,137.9,14.55,"Ramstein, Germany",49.4366,7.6003,19.0
2026-06-01 00:30:23.000000,EMITTER-001,421.906,-101.4,25.0,CW,112.0,6.42,"Sigonella, Italy",37.4014,14.9143,18.6
2026-06-01 00:30:23.000000,EMITTER-001,421.906,-104.0,25.0,CW,272.6,6.42,"Souda Bay, Greece",35.4839,24.1335,5.1
2026-06-01 00:30:23.000000,EMITTER-001,421.906,-90.1,25.0,CW,298.1,6.42,"Manama, Bahrain",26.2285,50.586,19.1
2026-06-01 00:30:23.000000,EMITTER-001,421.906,-96.2,25.0,CW,140.9,6.42,"Ramstein, Germany",49.4366,7.6003,16.4
2026-06-01 00:30:23.000000,EMITTER-002,367.361,-93.0,200.0,FM,83.0,7.6,"Sigonella, Italy",37.4014,14.9143,20.3
2026-06-01 00:30:23.000000,EMITTER-002,367.361,-93.4,200.0,FM,59.3,7.6,"Souda Bay, Greece",35.4839,24.1335,16.2
2026-06-01 00:30:23.000000,EMITTER-002,367.361,-109.1,200.0,FM,308.1,7.6,"Manama, Bahrain",26.2285,50.586,13.7
2026-06-01 00:30:23.000000,EMITTER-002,367.361,-97.7,200.0,FM,115.9,7.6,"Ramstein, Germany",49.4366,7.6003,22.1
2026-06-01 00:30:23.000000,EMITTER-003,123.321,-101.2,200.0,AM,10.2,4.94,"Sigonella, Italy",37.4014,14.9143,18.2
2026-06-01 00:30:23.000000,EMITTER-003,123.321,-86.5,200.0,AM,317.9,4.94,"Souda Bay, Greece",35.4839,24.1335,18.3
2026-06-01 00:30:23.000000,EMITTER-003,123.321,-85.6,200.0,AM,306.1,4.94,"Manama, Bahrain",26.2285,50.586,8.3
2026-06-01 00:30:23.000000,EMITTER-003,123.321,-107.3,200.0,AM,138.5,4.94,"Ramstein, Germany",49.4366,7.6003,19.4
2026-06-01 01:00:21.000000,EMITTER-001,300.418,-89.1,200.0,AM,112.9,3.13,"Sigonella, Italy",37.4014,14.9143,13.9
2026-06-01 01:00:21.000000,EMITTER-001,300.418,-101.0,200.0,AM,270.9,3.13,"Souda Bay, Greece",35.4839,24.1335,17.6
2026-06-01 01:00:21.000000,EMITTER-001,300.418,-107.4,200.0,AM,298.8,3.13,"Manama, Bahrain",26.2285,50.586,7.4
2026-06-01 01:00:21.000000,EMITTER-001,300.418,-82.7,200.0,AM,141.4,3.13,"Ramstein, Germany",49.4366,7.6003,19.0
2026-06-01 01:00:21.000000,EMITTER-002,411.5,-96.5,25.0,CW,80.9,11.04,"Sigonella, Italy",37.4014,14.9143,10.4
2026-06-01 01:00:21.000000,EMITTER-002,411.5,-82.9,25.0,CW,58.9,11.04,"Souda Bay, Greece",35.4839,24.1335,14.1
2026-06-01 01:00:21.000000,EMITTER-002,411.5,-100.8,25.0,CW,307.9,11.04,"Manama, Bahrain",26.2285,50.586,16.6
2026-06-01 01:00:21.000000,EMITTER-002,411.5,-84.3,25.0,CW,117.9,11.04,"Ramstein, Germany",49.4366,7.6003,20.2
2026-06-01 01:00:21.000000,EMITTER-003,272.837,-92.5,50.0,QAM,8.3,9.78,"Sigonella, Italy",37.4014,14.9143,18.0
2026-06-01 01:00:21.000000,EMITTER-003,272.837,-97.5,50.0,QAM,318.3,9.78,"Souda Bay, Greece",35.4839,24.1335,5.8
2026-06-01 01:00:21.000000,EMITTER-003,272.837,-100.1,50.0,QAM,306.4,9.78,"Manama, Bahrain",26.2285,50.586,7.9
2026-06-01 01:00:21.000000,EMITTER-003,272.837,-92.4,50.0,QAM,140.4,9.78,"Ramstein, Germany",49.4366,7.6003,8.4
2026-06-01 01:30:29.000000,EMITTER-001,238.748,-109.3,12.5,PSK,113.3,9.27,"Sigonella, Italy",37.4014,14.9143,24.2
2026-06-01 01:30:29.000000,EMITTER-001,238.748,-86.5,12.5,PSK,271.4,9.27,"Souda Bay, Greece",35.4839,24.1335,6.7
2026-06-01 01:30:29.000000,EMITTER-001,238.748,-95.3,12.5,PSK,297.3,9.27,"Manama, Bahrain",26.2285,50.586,23.8
2026-06-01 01:30:29.000000,EMITTER-001,238.748,-95.8,12.5,PSK,141.6,9.27,"Ramstein, Germany",49.4366,7.6003,10.3
2026-06-01 01:30:29.000000,EMITTER-002,275.565,-85.2,12.5,PSK,81.1,1.3,"Sigonella, Italy",37.4014,14.9143,22.9
2026-06-01 01:30:29.000000,EMITTER-002,275.565,-93.4,12.5,PSK,60.8,1.3,"Souda Bay, Greece",35.4839,24.1335,7.2
2026-06-01 01:30:29.000000,EMITTER-002,275.565,-101.6,12.5,PSK,310.1,1.3,"Manama, Bahrain",26.2285,50.586,18.2
2026-06-01 01:30:29.000000,EMITTER-002,275.565,-86.9,12.5,PSK,118.7,1.3,"Ramstein, Germany",49.4366,7.6003,7.2
2026-06-01 01:30:29.000000,EMITTER-003,192.086,-93.4,12.5,PSK,11.3,1.52,"Sigonella, Italy",37.4014,14.9143,12.4
2026-06-01 01:30:29.000000,EMITTER-003,192.086,-85.8,12.5,PSK,320.1,1.52,"Souda Bay, Greece",35.4839,24.1335,11.3
2026-06-01 01:30:29.000000,EMITTER-003,192.086,-101.3,12.5,PSK,307.0,1.52,"Manama, Bahrain",26.2285,50.586,15.3
2026-06-01 01:30:29.000000,EMITTER-003,192.086,-81.9,12.5,PSK,136.9,1.52,"Ramstein, Germany",49.4366,7.6003,8.3
2026-06-01 02:00:08.000000,EMITTER-001,496.95,-87.5,25.0,FSK,115.0,13.48,"Sigonella, Italy",37.4014,14.9143,22.8
2026-06-01 02:00:08.000000,EMITTER-001,496.95,-94.4,25.0,FSK,272.6,13.48,"Souda Bay, Greece",35.4839,24.1335,11.3
2026-06-01 02:00:08.000000,EMITTER-001,496.95,-90.2,25.0,FSK,295.4,13.48,"Manama, Bahrain",26.2285,50.586,12.5
2026-06-01 02:00:08.000000,EMITTER-001,496.95,-87.6,25.0,FSK,144.0,13.48,"Ramstein, Germany",49.4366,7.6003,10.2
2026-06-01 02:00:08.000000,EMITTER-002,149.103,-105.4,50.0,QAM,82.9,12.64,"Sigonella, Italy",37.4014,14.9143,8.6
2026-06-01 02:00:08.000000,EMITTER-002,149.103,-83.8,50.0,QAM,59.3,12.64,"Souda Bay, Greece",35.4839,24.1335,8.9
2026-06-01 02:00:08.000000,EMITTER-002,149.103,-86.7,50.0,QAM,309.2,12.64,"Manama, Bahrain",26.2285,50.586,24.4
2026-06-01 02:00:08.000000,EMITTER-002,149.103,-105.7,50.0,QAM,115.9,12.64,"Ramstein, Germany",49.4366,7.6003,5.3
2026-06-01 02:00:08.000000,EMITTER-003,152.729,-106.3,200.0,FM,10.8,10.49,"Sigonella, Italy",37.4014,14.9143,15.1
2026-06-01 02:00:08.000000,EMITTER-003,152.729,-92.6,200.0,FM,319.5,10.49,"Souda Bay, Greece",35.4839,24.1335,9.0
2026-06-01 02:00:08.000000,EMITTER-003,152.729,-88.5,200.0,FM,306.5,10.49,"Manama, Bahrain",26.2285,50.586,19.8
2026-06-01 02:00:08.000000,EMITTER-003,152.729,-106.3,200.0,FM,138.3,10.49,"Ramstein, Germany",49.4366,7.6003,23.6
2026-06-01 02:30:29.000000,EMITTER-001,295.434,-81.3,200.0,FM,115.1,10.28,"Sigonella, Italy",37.4014,14.9143,10.7
2026-06-01 02:30:29.000000,EMITTER-001,295.434,-109.3,200.0,FM,272.0,10.28,"Souda Bay, Greece",35.4839,24.1335,16.1
2026-06-01 02:30:29.000000,EMITTER-001,295.434,-106.8,200.0,FM,296.7,10.28,"Manama, Bahrain",26.2285,50.586,7.8
2026-06-01 02:30:29.000000,EMITTER-001,295.434,-81.0,200.0,FM,144.0,10.28,"Ramstein, Germany",49.4366,7.6003,16.9
2026-06-01 02:30:29.000000,EMITTER-002,286.953,-109.5,25.0,CW,83.8,11.99,"Sigonella, Italy",37.4014,14.9143,7.2
2026-06-01 02:30:29.000000,EMITTER-002,286.953,-86.1,25.0,CW,60.2,11.99,"Souda Bay, Greece",35.4839,24.1335,9.7
2026-06-01 02:30:29.000000,EMITTER-002,286.953,-91.8,25.0,CW,309.6,11.99,"Manama, Bahrain",26.2285,50.586,22.4
2026-06-01 02:30:29.000000,EMITTER-002,286.953,-97.6,25.0,CW,116.7,11.99,"Ramstein, Germany",49.4366,7.6003,12.5
2026-06-01 02:30:29.000000,EMITTER-003,360.772,-96.4,25.0,CW,8.9,13.14,"Sigonella, Italy",37.4014,14.9143,10.0
2026-06-01 02:30:29.000000,EMITTER-003,360.772,-87.6,25.0,CW,316.7,13.14,"Souda Bay, Greece",35.4839,24.1335,21.3
2026-06-01 02:30:29.000000,EMITTER-003,360.772,-108.0,25.0,CW,306.6,13.14,"Manama, Bahrain",26.2285,50.586,16.9
2026-06-01 02:30:29.000000,EMITTER-003,360.772,-85.3,25.0,CW,137.3,13.14,"Ramstein, Germany",49.4366,7.6003,11.2
2026-06-01 03:00:27.000000,EMITTER-001,166.213,-105.4,50.0,QAM,111.5,4.99,"Sigonella, Italy",37.4014,14.9143,7.3
2026-06-01 03:00:27.000000,EMITTER-001,166.213,-108.3,50.0,QAM,269.7,4.99,"Souda Bay, Greece",35.4839,24.1335,8.5
2026-06-01 03:00:27.000000,EMITTER-001,166.213,-92.3,50.0,QAM,296.6,4.99,"Manama, Bahrain",26.2285,50.586,18.6
2026-06-01 03:00:27.000000,EMITTER-001,166.213,-100.5,50.0,QAM,143.8,4.99,"Ramstein, Germany",49.4366,7.6003,15.1
2026-06-01 03:00:27.000000,EMITTER-002,117.39,-102.9,25.0,CW,82.8,3.54,"Sigonella, Italy",37.4014,14.9143,10.0
2026-06-01 03:00:27.000000,EMITTER-002,117.39,-97.5,25.0,CW,59.6,3.54,"Souda Bay, Greece",35.4839,24.1335,6.0
2026-06-01 03:00:27.000000,EMITTER-002,117.39,-94.3,25.0,CW,310.5,3.54,"Manama, Bahrain",26.2285,50.586,7.0
2026-06-01 03:00:27.000000,EMITTER-002,117.39,-108.4,25.0,CW,115.4,3.54,"Ramstein, Germany",49.4366,7.6003,23.5
2026-06-01 03:00:27.000000,EMITTER-003,437.43,-80.6,50.0,QAM,11.1,13.64,"Sigonella, Italy",37.4014,14.9143,21.0
2026-06-01 03:00:27.000000,EMITTER-003,437.43,-90.7,50.0,QAM,316.8,13.64,"Souda Bay, Greece",35.4839,24.1335,20.6
2026-06-01 03:00:27.000000,EMITTER-003,437.43,-93.9,50.0,QAM,309.4,13.64,"Manama, Bahrain",26.2285,50.586,15.3
2026-06-01 03:00:27.000000,EMITTER-003,437.43,-96.1,50.0,QAM,139.3,13.64,"Ramstein, Germany",49.4366,7.6003,12.7
2026-06-01 03:30:07.000000,EMITTER-001,155.907,-97.5,200.0,FM,112.9,7.69,"Sigonella, Italy",37.4014,14.9143,9.7
2026-06-01 03:30:07.000000,EMITTER-001,155.907,-99.0,200.0,FM,271.0,7.69,"Souda Bay, Greece",35.4839,24.1335,11.5
2026-06-01 03:30:07.000000,EMITTER-001,155.907,-89.4,200.0,FM,298.8,7.69,"Manama, Bahrain",26.2285,50.586,10.9
2026-06-01 03:30:07.000000,EMITTER-001,155.907,-82.5,200.0,FM,141.6,7.69,"Ramstein, Germany",49.4366,7.6003,14.6
2026-06-01 03:30:07.000000,EMITTER-002,439.424,-85.9,25.0,FSK,83.0,10.14,"Sigonella, Italy",37.4014,14.9143,15.7
2026-06-01 03:30:07.000000,EMITTER-002,439.424,-101.4,25.0,FSK,58.9,10.14,"Souda Bay, Greece",35.4839,24.1335,19.7
2026-06-01 03:30:07.000000,EMITTER-002,439.424,-89.2,25.0,FSK,307.7,10.14,"Manama, Bahrain",26.2285,50.586,22.2
2026-06-01 03:30:07.000000,EMITTER-002,439.424,-91.6,25.0,FSK,117.9,10.14,"Ramstein, Germany",49.4366,7.6003,6.9
2026-06-01 03:30:07.000000,EMITTER-003,133.797,-105.9,12.5,PSK,11.2,14.1,"Sigonella, Italy",37.4014,14.9143,24.2
2026-06-01 03:30:07.000000,EMITTER-003,133.797,-92.2,12.5,PSK,319.5,14.1,"Souda Bay, Greece",35.4839,24.1335,20.7
2026-06-01 03:30:07.000000,EMITTER-003,133.797,-81.6,12.5,PSK,308.4,14.1,"Manama, Bahrain",26.2285,50.586,10.1
2026-06-01 03:30:07.000000,EMITTER-003,133.797,-107.1,12.5,PSK,137.4,14.1,"Ramstein, Germany",49.4366,7.6003,17.3
2026-06-01 04:00:03.000000,EMITTER-001,328.972,-94.3,12.5,PSK,114.6,7.52,"Sigonella, Italy",37.4014,14.9143,20.3
2026-06-01 04:00:03.000000,EMITTER-001,328.972,-95.2,12.5,PSK,273.2,7.52,"Souda Bay, Greece",35.4839,24.1335,17.0
2026-06-01 04:00:03.000000,EMITTER-001,328.972,-106.4,12.5,PSK,295.4,7.52,"Manama, Bahrain",26.2285,50.586,7.3
2026-06-01 04:00:03.000000,EMITTER-001,328.972,-90.3,12.5,PSK,143.4,7.52,"Ramstein, Germany",49.4366,7.6003,13.4
2026-06-01 04:00:03.000000,EMITTER-002,233.455,-87.1,200.0,FM,82.0,13.58,"Sigonella, Italy",37.4014,14.9143,10.4
2026-06-01 04:00:03.000000,EMITTER-002,233.455,-100.6,200.0,FM,58.7,13.58,"Souda Bay, Greece",35.4839,24.1335,8.2
2026-06-01 04:00:03.000000,EMITTER-002,233.455,-81.9,200.0,FM,308.7,13.58,"Manama, Bahrain",26.2285,50.586,13.8
2026-06-01 04:00:03.000000,EMITTER-002,233.455,-88.1,200.0,FM,118.7,13.58,"Ramstein, Germany",49.4366,7.6003,16.1
2026-06-01 04:00:03.000000,EMITTER-003,412.121,-98.7,25.0,CW,10.9,7.71,"Sigonella, Italy",37.4014,14.9143,24.7
2026-06-01 04:00:03.000000,EMITTER-003,412.121,-81.5,25.0,CW,319.7,7.71,"Souda Bay, Greece",35.4839,24.1335,7.4
2026-06-01 04:00:03.000000,EMITTER-003,412.121,-90.9,25.0,CW,308.4,7.71,"Manama, Bahrain",26.2285,50.586,7.4
2026-06-01 04:00:03.000000,EMITTER-003,412.121,-89.4,25.0,CW,138.5,7.71,"Ramstein, Germany",49.4366,7.6003,5.2
2026-06-01 04:30:21.000000,EMITTER-001,218.144,-96.7,25.0,CW,115.1,7.42,"Sigonella, Italy",37.4014,14.9143,11.0
2026-06-01 04:30:21.000000,EMITTER-001,218.144,-86.6,25.0,CW,273.5,7.42,"Souda Bay, Greece",35.4839,24.1335,7.2
2026-06-01 04:30:21.000000,EMITTER-001,218.144,-83.6,25.0,CW,298.3,7.42,"Manama, Bahrain",26.2285,50.586,10.7
2026-06-01 04:30:21.000000,EMITTER-001,218.144,-106.8,25.0,CW,143.0,7.42,"Ramstein, Germany",49.4366,7.6003,25.0
2026-06-01 04:30:21.000000,EMITTER-002,136.176,-109.1,200.0,AM,81.1,13.56,"Sigonella, Italy",37.4014,14.9143,9.8
2026-06-01 04:30:21.000000,EMITTER-002,136.176,-86.7,200.0,AM,61.7,13.56,"Souda Bay, Greece",35.4839,24.1335,9.0
2026-06-01 04:30:21.000000,EMITTER-002,136.176,-90.3,200.0,AM,307.2,13.56,"Manama, Bahrain",26.2285,50.586,5.7
2026-06-01 04:30:21.000000,EMITTER-002,136.176,-108.5,200.0,AM,118.2,13.56,"Ramstein, Germany",49.4366,7.6003,17.1
2026-06-01 04:30:21.000000,EMITTER-003,195.421,-108.3,12.5,PSK,11.7,12.89,"Sigonella, Italy",37.4014,14.9143,21.0
2026-06-01 04:30:21.000000,EMITTER-003,195.421,-86.8,12.5,PSK,319.7,12.89,"Souda Bay, Greece",35.4839,24.1335,19.0
2026-06-01 04:30:21.000000,EMITTER-003,195.421,-108.8,12.5,PSK,306.5,12.89,"Manama, Bahrain",26.2285,50.586,9.0
2026-06-01 04:30:21.000000,EMITTER-003,195.421,-94.9,12.5,PSK,139.2,12.89,"Ramstein, Germany",49.4366,7.6003,19.9
2026-06-01 05:00:02.000000,EMITTER-001,162.085,-104.2,50.0,QAM,114.2,11.28,"Sigonella, Italy",37.4014,14.9143,10.4
2026-06-01 05:00:02.000000,EMITTER-001,162.085,-80.6,50.0,QAM,269.7,11.28,"Souda Bay, Greece",35.4839,24.1335,17.2
2026-06-01 05:00:02.000000,EMITTER-001,162.085,-91.5,50.0,QAM,298.5,11.28,"Manama, Bahrain",26.2285,50.586,5.8
2026-06-01 05:00:02.000000,EMITTER-001,162.085,-88.7,50.0,QAM,140.7,11.28,"Ramstein, Germany",49.4366,7.6003,8.5
2026-06-01 05:00:02.000000,EMITTER-002,492.011,-86.5,25.0,CW,82.8,7.42,"Sigonella, Italy",37.4014,14.9143,17.7
2026-06-01 05:00:02.000000,EMITTER-002,492.011,-105.6,25.0,CW,59.3,7.42,"Souda Bay, Greece",35.4839,24.1335,23.9
2026-06-01 05:00:02.000000,EMITTER-002,492.011,-92.7,25.0,CW,309.8,7.42,"Manama, Bahrain",26.2285,50.586,19.0
2026-06-01 05:00:02.000000,EMITTER-002,492.011,-81.8,25.0,CW,117.0,7.42,"Ramstein, Germany",49.4366,7.6003,8.0
2026-06-01 05:00:02.000000,EMITTER-003,261.614,-106.4,200.0,FM,9.1,7.64,"Sigonella, Italy",37.4014,14.9143,7.7
2026-06-01 05:00:02.000000,EMITTER-003,261.614,-100.9,200.0,FM,318.7,7.64,"Souda Bay, Greece",35.4839,24.1335,13.6
2026-06-01 05:00:02.000000,EMITTER-003,261.614,-91.0,200.0,FM,307.6,7.64,"Manama, Bahrain",26.2285,50.586,13.2
2026-06-01 05:00:02.000000,EMITTER-003,261.614,-103.5,200.0,FM,138.0,7.64,"Ramstein, Germany",49.4366,7.6003,16.8
2026-06-01 05:30:27.000000,EMITTER-001,267.36,-103.2,200.0,AM,113.7,7.64,"Sigonella, Italy",37.4014,14.9143,16.4
2026-06-01 05:30:27.000000,EMITTER-001,267.36,-88.9,200.0,AM,272.1,7.64,"Souda Bay, Greece",35.4839,24.1335,18.0
2026-06-01 05:30:27.000000,EMITTER-001,267.36,-100.5,200.0,AM,297.2,7.64,"Manama, Bahrain",26.2285,50.586,20.7
2026-06-01 05:30:27.000000,EMITTER-001,267.36,-97.1,200.0,AM,141.7,7.64,"Ramstein, Germany",49.4366,7.6003,17.5
2026-06-01 05:30:27.000000,EMITTER-002,394.682,-82.4,50.0,QAM,82.6,13.41,"Sigonella, Italy",37.4014,14.9143,15.1
2026-06-01 05:30:27.000000,EMITTER-002,394.682,-86.0,50.0,QAM,61.4,13.41,"Souda Bay, Greece",35.4839,24.1335,11.3
2026-06-01 05:30:27.000000,EMITTER-002,394.682,-95.2,50.0,QAM,307.5,13.41,"Manama, Bahrain",26.2285,50.586,7.3
2026-06-01 05:30:27.000000,EMITTER-002,394.682,-84.7,50.0,QAM,116.1,13.41,"Ramstein, Germany",49.4366,7.6003,6.1
2026-06-01 05:30:27.000000,EMITTER-003,233.652,-100.6,12.5,PSK,8.1,3.42,"Sigonella, Italy",37.4014,14.9143,19.9
2026-06-01 05:30:27.000000,EMITTER-003,233.652,-85.2,12.5,PSK,317.8,3.42,"Souda Bay, Greece",35.4839,24.1335,22.1
2026-06-01 05:30:27.000000,EMITTER-003,233.652,-105.4,12.5,PSK,306.5,3.42,"Manama, Bahrain",26.2285,50.586,17.0
2026-06-01 05:30:27.000000,EMITTER-003,233.652,-99.1,12.5,PSK,140.7,3.42,"Ramstein, Germany",49.4366,7.6003,24.2
2026-06-01 06:00:13.000000,EMITTER-001,224.385,-88.8,25.0,CW,114.0,10.63,"Sigonella, Italy",37.4014,14.9143,12.8
2026-06-01 06:00:13.000000,EMITTER-001,224.385,-109.7,25.0,CW,271.6,10.63,"Souda Bay, Greece",35.4839,24.1335,9.2
2026-06-01 06:00:13.000000,EMITTER-001,224.385,-105.1,25.0,CW,298.3,10.63,"Manama, Bahrain",26.2285,50.586,8.3
2026-06-01 06:00:13.000000,EMITTER-001,224.385,-80.3,25.0,CW,143.7,10.63,"Ramstein, Germany",49.4366,7.6003,16.1
2026-06-01 06:00:13.000000,EMITTER-002,156.638,-98.2,25.0,CW,83.5,7.28,"Sigonella, Italy",37.4014,14.9143,6.6
2026-06-01 06:00:13.000000,EMITTER-002,156.638,-97.0,25.0,CW,58.7,7.28,"Souda Bay, Greece",35.4839,24.1335,14.4
2026-06-01 06:00:13.000000,EMITTER-002,156.638,-104.6,25.0,CW,307.4,7.28,"Manama, Bahrain",26.2285,50.586,23.1
2026-06-01 06:00:13.000000,EMITTER-002,156.638,-103.0,25.0,CW,117.0,7.28,"Ramstein, Germany",49.4366,7.6003,10.8
2026-06-01 06:00:13.000000,EMITTER-003,334.578,-107.5,50.0,QAM,11.4,7.91,"Sigonella, Italy",37.4014,14.9143,9.9
2026-06-01 06:00:13.000000,EMITTER-003,334.578,-90.9,50.0,QAM,319.0,7.91,"Souda Bay, Greece",35.4839,24.1335,18.0
2026-06-01 06:00:13.000000,EMITTER-003,334.578,-87.1,50.0,QAM,307.5,7.91,"Manama, Bahrain",26.2285,50.586,6.2
2026-06-01 06:00:13.000000,EMITTER-003,334.578,-93.8,50.0,QAM,140.1,7.91,"Ramstein, Germany",49.4366,7.6003,11.8
2026-06-01 06:30:09.000000,EMITTER-001,407.451,-94.9,25.0,FSK,113.7,12.93,"Sigonella, Italy",37.4014,14.9143,23.2
2026-06-01 06:30:09.000000,EMITTER-001,407.451,-84.5,25.0,FSK,271.5,12.93,"Souda Bay, Greece",35.4839,24.1335,11.8
2026-06-01 06:30:09.000000,EMITTER-001,407.451,-94.1,25.0,FSK,296.6,12.93,"Manama, Bahrain",26.2285,50.586,7.1
2026-06-01 06:30:09.000000,EMITTER-001,407.451,-82.5,25.0,FSK,141.0,12.93,"Ramstein, Germany",49.4366,7.6003,17.6
2026-06-01 06:30:09.000000,EMITTER-002,176.641,-82.2,200.0,AM,81.7,1.35,"Sigonella, Italy",37.4014,14.9143,14.0
2026-06-01 06:30:09.000000,EMITTER-002,176.641,-92.0,200.0,AM,59.2,1.35,"Souda Bay, Greece",35.4839,24.1335,5.1
2026-06-01 06:30:09.000000,EMITTER-002,176.641,-88.9,200.0,AM,311.1,1.35,"Manama, Bahrain",26.2285,50.586,17.7
2026-06-01 06:30:09.000000,EMITTER-002,176.641,-91.4,200.0,AM,118.0,1.35,"Ramstein, Germany",49.4366,7.6003,14.6
2026-06-01 06:30:09.000000,EMITTER-003,461.331,-81.1,25.0,FSK,11.5,11.09,"Sigonella, Italy",37.4014,14.9143,20.6
2026-06-01 06:30:09.000000,EMITTER-003,461.331,-106.6,25.0,FSK,318.1,11.09,"Souda Bay, Greece",35.4839,24.1335,19.6
2026-06-01 06:30:09.000000,EMITTER-003,461.331,-93.4,25.0,FSK,309.9,11.09,"Manama, Bahrain",26.2285,50.586,18.1
2026-06-01 06:30:09.000000,EMITTER-003,461.331,-80.5,25.0,FSK,139.6,11.09,"Ramstein, Germany",49.4366,7.6003,10.8
2026-06-01 07:00:29.000000,EMITTER-001,238.597,-108.8,25.0,CW,113.4,2.73,"Sigonella, Italy",37.4014,14.9143,20.5
2026-06-01 07:00:29.000000,EMITTER-001,238.597,-80.4,25.0,CW,273.4,2.73,"Souda Bay, Greece",35.4839,24.1335,14.3
2026-06-01 07:00:29.000000,EMITTER-001,238.597,-97.7,25.0,CW,295.3,2.73,"Manama, Bahrain",26.2285,50.586,20.9
2026-06-01 07:00:29.000000,EMITTER-001,238.597,-93.3,25.0,CW,144.0,2.73,"Ramstein, Germany",49.4366,7.6003,21.0
2026-06-01 07:00:29.000000,EMITTER-002,114.788,-108.5,25.0,FSK,83.2,6.22,"Sigonella, Italy",37.4014,14.9143,7.2
2026-06-01 07:00:29.000000,EMITTER-002,114.788,-88.6,25.0,FSK,61.6,6.22,"Souda Bay, Greece",35.4839,24.1335,20.5
2026-06-01 07:00:29.000000,EMITTER-002,114.788,-87.8,25.0,FSK,307.4,6.22,"Manama, Bahrain",26.2285,50.586,21.0
2026-06-01 07:00:29.000000,EMITTER-002,114.788,-103.0,25.0,FSK,118.4,6.22,"Ramstein, Germany",49.4366,7.6003,17.4
2026-06-01 07:00:29.000000,EMITTER-003,101.8,-89.7,25.0,CW,9.6,8.2,"Sigonella, Italy",37.4014,14.9143,5.6
2026-06-01 07:00:29.000000,EMITTER-003,101.8,-83.1,25.0,CW,317.3,8.2,"Souda Bay, Greece",35.4839,24.1335,18.4
2026-06-01 07:00:29.000000,EMITTER-003,101.8,-84.4,25.0,CW,309.4,8.2,"Manama, Bahrain",26.2285,50.586,12.0
2026-06-01 07:00:29.000000,EMITTER-003,101.8,-101.0,25.0,CW,138.3,8.2,"Ramstein, Germany",49.4366,7.6003,16.8
2026-06-01 07:30:03.000000,EMITTER-001,454.623,-107.5,200.0,FM,114.3,3.63,"Sigonella, Italy",37.4014,14.9143,11.8
2026-06-01 07:30:03.000000,EMITTER-001,454.623,-85.8,200.0,FM,270.7,3.63,"Souda Bay, Greece",35.4839,24.1335,25.0
2026-06-01 07:30:03.000000,EMITTER-001,454.623,-97.8,200.0,FM,297.3,3.63,"Manama, Bahrain",26.2285,50.586,7.7
2026-06-01 07:30:03.000000,EMITTER-001,454.623,-80.1,200.0,FM,142.7,3.63,"Ramstein, Germany",49.4366,7.6003,19.0
2026-06-01 07:30:03.000000,EMITTER-002,466.12,-106.0,200.0,AM,80.8,7.96,"Sigonella, Italy",37.4014,14.9143,12.3
2026-06-01 07:30:03.000000,EMITTER-002,466.12,-103.9,200.0,AM,59.9,7.96,"Souda Bay, Greece",35.4839,24.1335,5.4
2026-06-01 07:30:03.000000,EMITTER-002,466.12,-91.0,200.0,AM,308.9,7.96,"Manama, Bahrain",26.2285,50.586,11.9
2026-06-01 07:30:03.000000,EMITTER-002,466.12,-81.2,200.0,AM,117.2,7.96,"Ramstein, Germany",49.4366,7.6003,20.0
2026-06-01 07:30:03.000000,EMITTER-003,213.816,-102.9,25.0,FSK,11.6,13.56,"Sigonella, Italy",37.4014,14.9143,11.5
2026-06-01 07:30:03.000000,EMITTER-003,213.816,-94.1,25.0,FSK,318.7,13.56,"Souda Bay, Greece",35.4839,24.1335,19.8
2026-06-01 07:30:03.000000,EMITTER-003,213.816,-90.4,25.0,FSK,307.0,13.56,"Manama, Bahrain",26.2285,50.586,11.0
2026-06-01 07:30:03.000000,EMITTER-003,213.816,-100.3,25.0,FSK,140.2,13.56,"Ramstein, Germany",49.4366,7.6003,8.1
2026-06-01 08:00:00.000000,EMITTER-001,324.596,-86.5,200.0,FM,113.3,12.09,"Sigonella, Italy",37.4014,14.9143,13.8
2026-06-01 08:00:00.000000,EMITTER-001,324.596,-80.2,200.0,FM,272.8,12.09,"Souda Bay, Greece",35.4839,24.1335,18.5
2026-06-01 08:00:00.000000,EMITTER-001,324.596,-82.9,200.0,FM,295.7,12.09,"Manama, Bahrain",26.2285,50.586,20.8
2026-06-01 08:00:00.000000,EMITTER-001,324.596,-93.1,200.0,FM,142.9,12.09,"Ramstein, Germany",49.4366,7.6003,7.0
2026-06-01 08:00:00.000000,EMITTER-002,305.093,-108.9,200.0,FM,80.9,7.06,"Sigonella, Italy",37.4014,14.9143,24.2
2026-06-01 08:00:00.000000,EMITTER-002,305.093,-108.8,200.0,FM,58.4,7.06,"Souda Bay, Greece",35.4839,24.1335,9.9
2026-06-01 08:00:00.000000,EMITTER-002,305.093,-96.3,200.0,FM,308.5,7.06,"Manama, Bahrain",26.2285,50.586,15.3
2026-06-01 08:00:00.000000,EMITTER-002,305.093,-108.5,200.0,FM,116.5,7.06,"Ramstein, Germany",49.4366,7.6003,7.2
2026-06-01 08:00:00.000000,EMITTER-003,124.211,-103.8,50.0,QAM,9.6,10.77,"Sigonella, Italy",37.4014,14.9143,11.0
2026-06-01 08:00:00.000000,EMITTER-003,124.211,-97.5,50.0,QAM,316.7,10.77,"Souda Bay, Greece",35.4839,24.1335,5.0
2026-06-01 08:00:00.000000,EMITTER-003,124.211,-84.1,50.0,QAM,308.0,10.77,"Manama, Bahrain",26.2285,50.586,5.0
2026-06-01 08:00:00.000000,EMITTER-003,124.211,-95.3,50.0,QAM,138.4,10.77,"Ramstein, Germany",49.4366,7.6003,11.7
2026-06-01 08:30:16.000000,EMITTER-001,436.481,-100.3,25.0,CW,113.3,4.64,"Sigonella, Italy",37.4014,14.9143,9.8
2026-06-01 08:30:16.000000,EMITTER-001,436.481,-89.5,25.0,CW,270.8,4.64,"Souda Bay, Greece",35.4839,24.1335,9.6
2026-06-01 08:30:16.000000,EMITTER-001,436.481,-82.1,25.0,CW,296.8,4.64,"Manama, Bahrain",26.2285,50.586,6.0
2026-06-01 08:30:16.000000,EMITTER-001,436.481,-88.7,25.0,CW,140.5,4.64,"Ramstein, Germany",49.4366,7.6003,8.0
2026-06-01 08:30:16.000000,EMITTER-002,467.529,-104.4,200.0,FM,80.9,1.13,"Sigonella, Italy",37.4014,14.9143,5.6
2026-06-01 08:30:16.000000,EMITTER-002,467.529,-91.4,200.0,FM,60.4,1.13,"Souda Bay, Greece",35.4839,24.1335,9.8
2026-06-01 08:30:16.000000,EMITTER-002,467.529,-92.3,200.0,FM,307.2,1.13,"Manama, Bahrain",26.2285,50.586,22.0
2026-06-01 08:30:16.000000,EMITTER-002,467.529,-84.4,200.0,FM,115.7,1.13,"Ramstein, Germany",49.4366,7.6003,17.4
2026-06-01 08:30:16.000000,EMITTER-003,409.175,-102.4,200.0,AM,9.8,12.98,"Sigonella, Italy",37.4014,14.9143,23.4
2026-06-01 08:30:16.000000,EMITTER-003,409.175,-91.9,200.0,AM,317.7,12.98,"Souda Bay, Greece",35.4839,24.1335,24.7
2026-06-01 08:30:16.000000,EMITTER-003,409.175,-85.6,200.0,AM,309.2,12.98,"Manama, Bahrain",26.2285,50.586,11.4
2026-06-01 08:30:16.000000,EMITTER-003,409.175,-92.0,200.0,AM,138.4,12.98,"Ramstein, Germany",49.4366,7.6003,9.3
2026-06-01 09:00:19.000000,EMITTER-001,131.243,-99.6,200.0,FM,112.1,1.42,"Sigonella, Italy",37.4014,14.9143,5.4
2026-06-01 09:00:19.000000,EMITTER-001,131.243,-88.2,200.0,FM,272.5,1.42,"Souda Bay, Greece",35.4839,24.1335,19.2
2026-06-01 09:00:19.000000,EMITTER-001,131.243,-100.5,200.0,FM,297.4,1.42,"Manama, Bahrain",26.2285,50.586,22.8
2026-06-01 09:00:19.000000,EMITTER-001,131.243,-106.2,200.0,FM,143.1,1.42,"Ramstein, Germany",49.4366,7.6003,7.9
2026-06-01 09:00:19.000000,EMITTER-002,302.917,-109.9,200.0,AM,84.5,14.88,"Sigonella, Italy",37.4014,14.9143,5.3
2026-06-01 09:00:19.000000,EMITTER-002,302.917,-92.5,200.0,AM,61.7,14.88,"Souda Bay, Greece",35.4839,24.1335,7.5
2026-06-01 09:00:19.000000,EMITTER-002,302.917,-83.6,200.0,AM,309.7,14.88,"Manama, Bahrain",26.2285,50.586,15.7
2026-06-01 09:00:19.000000,EMITTER-002,302.917,-101.8,200.0,AM,117.4,14.88,"Ramstein, Germany",49.4366,7.6003,6.0
2026-06-01 09:00:19.000000,EMITTER-003,217.902,-84.9,200.0,FM,10.4,10.29,"Sigonella, Italy",37.4014,14.9143,5.4
2026-06-01 09:00:19.000000,EMITTER-003,217.902,-103.1,200.0,FM,317.3,10.29,"Souda Bay, Greece",35.4839,24.1335,22.5
2026-06-01 09:00:19.000000,EMITTER-003,217.902,-91.7,200.0,FM,307.6,10.29,"Manama, Bahrain",26.2285,50.586,16.1
2026-06-01 09:00:19.000000,EMITTER-003,217.902,-89.7,200.0,FM,139.0,10.29,"Ramstein, Germany",49.4366,7.6003,19.5
2026-06-01 09:30:08.000000,EMITTER-001,493.367,-94.6,25.0,CW,114.6,6.87,"Sigonella, Italy",37.4014,14.9143,5.2
2026-06-01 09:30:08.000000,EMITTER-001,493.367,-94.4,25.0,CW,269.9,6.87,"Souda Bay, Greece",35.4839,24.1335,13.2
2026-06-01 09:30:08.000000,EMITTER-001,493.367,-83.3,25.0,CW,297.7,6.87,"Manama, Bahrain",26.2285,50.586,12.9
2026-06-01 09:30:08.000000,EMITTER-001,493.367,-105.5,25.0,CW,141.0,6.87,"Ramstein, Germany",49.4366,7.6003,24.2
2026-06-01 09:30:08.000000,EMITTER-002,443.593,-103.6,25.0,CW,83.4,13.78,"Sigonella, Italy",37.4014,14.9143,14.4
2026-06-01 09:30:08.000000,EMITTER-002,443.593,-83.6,25.0,CW,60.2,13.78,"Souda Bay, Greece",35.4839,24.1335,12.6
2026-06-01 09:30:08.000000,EMITTER-002,443.593,-87.7,25.0,CW,310.3,13.78,"Manama, Bahrain",26.2285,50.586,19.6
2026-06-01 09:30:08.000000,EMITTER-002,443.593,-92.9,25.0,CW,118.6,13.78,"Ramstein, Germany",49.4366,7.6003,7.1
2026-06-01 09:30:08.000000,EMITTER-003,446.229,-107.0,200.0,FM,11.0,12.17,"Sigonella, Italy",37.4014,14.9143,9.1
2026-06-01 09:30:08.000000,EMITTER-003,446.229,-109.3,200.0,FM,317.8,12.17,"Souda Bay, Greece",35.4839,24.1335,24.6
2026-06-01 09:30:08.000000,EMITTER-003,446.229,-88.4,200.0,FM,307.6,12.17,"Manama, Bahrain",26.2285,50.586,22.8
2026-06-01 09:30:08.000000,EMITTER-003,446.229,-100.4,200.0,FM,139.0,12.17,"Ramstein, Germany",49.4366,7.6003,17.2
2026-06-01 10:00:11.000000,EMITTER-001,340.71,-96.0,25.0,FSK,112.9,14.1,"Sigonella, Italy",37.4014,14.9143,8.9
2026-06-01 10:00:11.000000,EMITTER-001,340.71,-98.2,25.0,FSK,270.2,14.1,"Souda Bay, Greece",35.4839,24.1335,7.6
2026-06-01 10:00:11.000000,EMITTER-001,340.71,-89.5,25.0,FSK,298.8,14.1,"Manama, Bahrain",26.2285,50.586,11.8
2026-06-01 10:00:11.000000,EMITTER-001,340.71,-102.7,25.0,FSK,143.3,14.1,"Ramstein, Germany",49.4366,7.6003,7.0
2026-06-01 10:00:11.000000,EMITTER-002,211.245,-104.4,12.5,PSK,82.4,3.83,"Sigonella, Italy",37.4014,14.9143,15.4
2026-06-01 10:00:11.000000,EMITTER-002,211.245,-102.2,12.5,PSK,60.0,3.83,"Souda Bay, Greece",35.4839,24.1335,5.9
2026-06-01 10:00:11.000000,EMITTER-002,211.245,-81.2,12.5,PSK,309.2,3.83,"Manama, Bahrain",26.2285,50.586,18.1
2026-06-01 10:00:11.000000,EMITTER-002,211.245,-106.7,12.5,PSK,116.2,3.83,"Ramstein, Germany",49.4366,7.6003,10.0
2026-06-01 10:00:11.000000,EMITTER-003,405.921,-83.0,50.0,QAM,11.9,13.27,"Sigonella, Italy",37.4014,14.9143,24.7
2026-06-01 10:00:11.000000,EMITTER-003,405.921,-81.4,50.0,QAM,316.9,13.27,"Souda Bay, Greece",35.4839,24.1335,6.4
2026-06-01 10:00:11.000000,EMITTER-003,405.921,-100.9,50.0,QAM,306.4,13.27,"Manama, Bahrain",26.2285,50.586,16.1
2026-06-01 10:00:11.000000,EMITTER-003,405.921,-84.6,50.0,QAM,138.9,13.27,"Ramstein, Germany",49.4366,7.6003,17.3
2026-06-01 10:30:15.000000,EMITTER-001,201.302,-84.4,200.0,AM,114.3,3.24,"Sigonella, Italy",37.4014,14.9143,16.7
2026-06-01 10:30:15.000000,EMITTER-001,201.302,-101.1,200.0,AM,271.1,3.24,"Souda Bay, Greece",35.4839,24.1335,12.4
2026-06-01 10:30:15.000000,EMITTER-001,201.302,-87.2,200.0,AM,295.8,3.24,"Manama, Bahrain",26.2285,50.586,20.4
2026-06-01 10:30:15.000000,EMITTER-001,201.302,-81.8,200.0,AM,143.9,3.24,"Ramstein, Germany",49.4366,7.6003,7.4
2026-06-01 10:30:15.000000,EMITTER-002,205.816,-104.6,25.0,CW,82.3,12.85,"Sigonella, Italy",37.4014,14.9143,13.3
2026-06-01 10:30:15.000000,EMITTER-002,205.816,-102.6,25.0,CW,61.5,12.85,"Souda Bay, Greece",35.4839,24.1335,19.2
2026-06-01 10:30:15.000000,EMITTER-002,205.816,-83.8,25.0,CW,309.3,12.85,"Manama, Bahrain",26.2285,50.586,11.8
2026-06-01 10:30:15.000000,EMITTER-002,205.816,-102.5,25.0,CW,115.6,12.85,"Ramstein, Germany",49.4366,7.6003,9.9
2026-06-01 10:30:15.000000,EMITTER-003,476.008,-86.7,200.0,AM,10.0,13.43,"Sigonella, Italy",37.4014,14.9143,15.4
2026-06-01 10:30:15.000000,EMITTER-003,476.008,-94.1,200.0,AM,318.0,13.43,"Souda Bay, Greece",35.4839,24.1335,15.7
2026-06-01 10:30:15.000000,EMITTER-003,476.008,-106.0,200.0,AM,309.8,13.43,"Manama, Bahrain",26.2285,50.586,7.5
2026-06-01 10:30:15.000000,EMITTER-003,476.008,-95.5,200.0,AM,137.4,13.43,"Ramstein, Germany",49.4366,7.6003,24.1
2026-06-01 11:00:11.000000,EMITTER-001,183.087,-109.1,12.5,PSK,115.1,4.54,"Sigonella, Italy",37.4014,14.9143,7.4
2026-06-01 11:00:11.000000,EMITTER-001,183.087,-100.4,12.5,PSK,271.4,4.54,"Souda Bay, Greece",35.4839,24.1335,17.2
2026-06-01 11:00:11.000000,EMITTER-001,183.087,-98.0,12.5,PSK,295.7,4.54,"Manama, Bahrain",26.2285,50.586,15.6
2026-06-01 11:00:11.000000,EMITTER-001,183.087,-80.3,12.5,PSK,143.3,4.54,"Ramstein, Germany",49.4366,7.6003,21.4
2026-06-01 11:00:11.000000,EMITTER-002,161.151,-99.8,25.0,FSK,81.9,13.89,"Sigonella, Italy",37.4014,14.9143,6.0
2026-06-01 11:00:11.000000,EMITTER-002,161.151,-86.2,25.0,FSK,61.1,13.89,"Souda Bay, Greece",35.4839,24.1335,17.5
2026-06-01 11:00:11.000000,EMITTER-002,161.151,-86.2,25.0,FSK,310.9,13.89,"Manama, Bahrain",26.2285,50.586,9.2
2026-06-01 11:00:11.000000,EMITTER-002,161.151,-96.9,25.0,FSK,115.0,13.89,"Ramstein, Germany",49.4366,7.6003,17.8
2026-06-01 11:00:11.000000,EMITTER-003,497.347,-108.1,25.0,FSK,8.5,4.93,"Sigonella, Italy",37.4014,14.9143,14.2
2026-06-01 11:00:11.000000,EMITTER-003,497.347,-105.4,25.0,FSK,317.9,4.93,"Souda Bay, Greece",35.4839,24.1335,17.6
2026-06-01 11:00:11.000000,EMITTER-003,497.347,-82.3,25.0,FSK,308.9,4.93,"Manama, Bahrain",26.2285,50.586,11.4
2026-06-01 11:00:11.000000,EMITTER-003,497.347,-96.2,25.0,FSK,139.1,4.93,"Ramstein, Germany",49.4366,7.6003,18.2
2026-06-01 11:30:02.000000,EMITTER-001,480.024,-104.7,25.0,FSK,114.8,5.8,"Sigonella, Italy",37.4014,14.9143,18.6
2026-06-01 11:30:02.000000,EMITTER-001,480.024,-108.8,25.0,FSK,273.1,5.8,"Souda Bay, Greece",35.4839,24.1335,14.0
2026-06-01 11:30:02.000000,EMITTER-001,480.024,-87.5,25.0,FSK,297.1,5.8,"Manama, Bahrain",26.2285,50.586,24.8
2026-06-01 11:30:02.000000,EMITTER-001,480.024,-90.2,25.0,FSK,144.1,5.8,"Ramstein, Germany",49.4366,7.6003,11.0
2026-06-01 11:30:02.000000,EMITTER-002,395.404,-93.1,25.0,CW,82.5,6.64,"Sigonella, Italy",37.4014,14.9143,19.4
2026-06-01 11:30:02.000000,EMITTER-002,395.404,-82.8,25.0,CW,60.7,6.64,"Souda Bay, Greece",35.4839,24.1335,13.4
2026-06-01 11:30:02.000000,EMITTER-002,395.404,-99.7,25.0,CW,309.0,6.64,"Manama, Bahrain",26.2285,50.586,13.2
2026-06-01 11:30:02.000000,EMITTER-002,395.404,-106.2,25.0,CW,117.7,6.64,"Ramstein, Germany",49.4366,7.6003,6.8
2026-06-01 11:30:02.000000,EMITTER-003,362.207,-109.4,25.0,FSK,8.8,10.28,"Sigonella, Italy",37.4014,14.9143,11.5
2026-06-01 11:30:02.000000,EMITTER-003,362.207,-86.7,25.0,FSK,317.3,10.28,"Souda Bay, Greece",35.4839,24.1335,22.2
2026-06-01 11:30:02.000000,EMITTER-003,362.207,-90.0,25.0,FSK,307.1,10.28,"Manama, Bahrain",26.2285,50.586,7.6
2026-06-01 11:30:02.000000,EMITTER-003,362.207,-105.8,25.0,FSK,139.4,10.28,"Ramstein, Germany",49.4366,7.6003,10.7
2026-06-01 12:00:27.000000,EMITTER-001,181.009,-89.0,50.0,QAM,113.8,8.59,"Sigonella, Italy",37.4014,14.9143,24.1
2026-06-01 12:00:27.000000,EMITTER-001,181.009,-102.3,50.0,QAM,270.8,8.59,"Souda Bay, Greece",35.4839,24.1335,17.5
2026-06-01 12:00:27.000000,EMITTER-001,181.009,-80.7,50.0,QAM,297.7,8.59,"Manama, Bahrain",26.2285,50.586,13.0
2026-06-01 12:00:27.000000,EMITTER-001,181.009,-109.3,50.0,QAM,143.8,8.59,"Ramstein, Germany",49.4366,7.6003,13.0
2026-06-01 12:00:27.000000,EMITTER-002,277.577,-84.4,50.0,QAM,82.7,14.1,"Sigonella, Italy",37.4014,14.9143,11.4
2026-06-01 12:00:27.000000,EMITTER-002,277.577,-95.3,50.0,QAM,59.4,14.1,"Souda Bay, Greece",35.4839,24.1335,17.6
2026-06-01 12:00:27.000000,EMITTER-002,277.577,-102.7,50.0,QAM,310.9,14.1,"Manama, Bahrain",26.2285,50.586,23.3
2026-06-01 12:00:27.000000,EMITTER-002,277.577,-84.7,50.0,QAM,118.0,14.1,"Ramstein, Germany",49.4366,7.6003,24.6
2026-06-01 12:00:27.000000,EMITTER-003,405.867,-95.6,12.5,PSK,9.0,11.68,"Sigonella, Italy",37.4014,14.9143,14.1
2026-06-01 12:00:27.000000,EMITTER-003,405.867,-90.7,12.5,PSK,317.3,11.68,"Souda Bay, Greece",35.4839,24.1335,10.8
2026-06-01 12:00:27.000000,EMITTER-003,405.867,-92.4,12.5,PSK,306.9,11.68,"Manama, Bahrain",26.2285,50.586,13.2
2026-06-01 12:00:27.000000,EMITTER-003,405.867,-85.5,12.5,PSK,137.4,11.68,"Ramstein, Germany",49.4366,7.6003,22.2
2026-06-01 12:30:10.000000,EMITTER-001,234.452,-84.8,200.0,AM,114.5,12.17,"Sigonella, Italy",37.4014,14.9143,7.8
2026-06-01 12:30:10.000000,EMITTER-001,234.452,-106.5,200.0,AM,273.5,12.17,"Souda Bay, Greece",35.4839,24.1335,12.8
2026-06-01 12:30:10.000000,EMITTER-001,234.452,-104.2,200.0,AM,296.7,12.17,"Manama, Bahrain",26.2285,50.586,8.1
2026-06-01 12:30:10.000000,EMITTER-001,234.452,-91.4,200.0,AM,144.2,12.17,"Ramstein, Germany",49.4366,7.6003,23.7
2026-06-01 12:30:10.000000,EMITTER-002,155.199,-101.9,12.5,PSK,83.2,12.07,"Sigonella, Italy",37.4014,14.9143,22.7
2026-06-01 12:30:10.000000,EMITTER-002,155.199,-106.6,12.5,PSK,58.8,12.07,"Souda Bay, Greece",35.4839,24.1335,21.7
2026-06-01 12:30:10.000000,EMITTER-002,155.199,-97.3,12.5,PSK,309.2,12.07,"Manama, Bahrain",26.2285,50.586,16.0
2026-06-01 12:30:10.000000,EMITTER-002,155.199,-89.4,12.5,PSK,119.0,12.07,"Ramstein, Germany",49.4366,7.6003,18.1
2026-06-01 12:30:10.000000,EMITTER-003,499.769,-107.1,200.0,AM,11.9,8.23,"Sigonella, Italy",37.4014,14.9143,19.6
2026-06-01 12:30:10.000000,EMITTER-003,499.769,-100.5,200.0,AM,318.0,8.23,"Souda Bay, Greece",35.4839,24.1335,14.2
2026-06-01 12:30:10.000000,EMITTER-003,499.769,-108.5,200.0,AM,307.4,8.23,"Manama, Bahrain",26.2285,50.586,18.4
2026-06-01 12:30:10.000000,EMITTER-003,499.769,-86.4,200.0,AM,140.0,8.23,"Ramstein, Germany",49.4366,7.6003,21.6
2026-06-01 13:00:28.000000,EMITTER-001,228.618,-86.0,25.0,FSK,115.0,11.48,"Sigonella, Italy",37.4014,14.9143,14.8
2026-06-01 13:00:28.000000,EMITTER-001,228.618,-105.7,25.0,FSK,269.9,11.48,"Souda Bay, Greece",35.4839,24.1335,22.6
2026-06-01 13:00:28.000000,EMITTER-001,228.618,-105.4,25.0,FSK,295.3,11.48,"Manama, Bahrain",26.2285,50.586,15.7
2026-06-01 13:00:28.000000,EMITTER-001,228.618,-108.4,25.0,FSK,142.0,11.48,"Ramstein, Germany",49.4366,7.6003,5.0
2026-06-01 13:00:28.000000,EMITTER-002,113.935,-85.3,50.0,QAM,81.1,10.13,"Sigonella, Italy",37.4014,14.9143,8.4
2026-06-01 13:00:28.000000,EMITTER-002,113.935,-84.2,50.0,QAM,60.3,10.13,"Souda Bay, Greece",35.4839,24.1335,21.5
2026-06-01 13:00:28.000000,EMITTER-002,113.935,-85.4,50.0,QAM,308.8,10.13,"Manama, Bahrain",26.2285,50.586,6.9
2026-06-01 13:00:28.000000,EMITTER-002,113.935,-87.9,50.0,QAM,118.0,10.13,"Ramstein, Germany",49.4366,7.6003,10.1
2026-06-01 13:00:28.000000,EMITTER-003,301.671,-96.1,25.0,CW,8.9,11.5,"Sigonella, Italy",37.4014,14.9143,12.4
2026-06-01 13:00:28.000000,EMITTER-003,301.671,-103.7,25.0,CW,316.8,11.5,"Souda Bay, Greece",35.4839,24.1335,20.0
2026-06-01 13:00:28.000000,EMITTER-003,301.671,-107.4,25.0,CW,306.7,11.5,"Manama, Bahrain",26.2285,50.586,8.5
2026-06-01 13:00:28.000000,EMITTER-003,301.671,-85.3,25.0,CW,140.7,11.5,"Ramstein, Germany",49.4366,7.6003,13.0
2026-06-01 13:30:25.000000,EMITTER-001,361.416,-98.2,200.0,AM,115.3,7.28,"Sigonella, Italy",37.4014,14.9143,22.5
2026-06-01 13:30:25.000000,EMITTER-001,361.416,-83.8,200.0,AM,270.4,7.28,"Souda Bay, Greece",35.4839,24.1335,8.8
2026-06-01 13:30:25.000000,EMITTER-001,361.416,-90.3,200.0,AM,297.9,7.28,"Manama, Bahrain",26.2285,50.586,10.8
2026-06-01 13:30:25.000000,EMITTER-001,361.416,-93.0,200.0,AM,143.6,7.28,"Ramstein, Germany",49.4366,7.6003,16.0
2026-06-01 13:30:25.000000,EMITTER-002,110.631,-92.0,25.0,FSK,81.5,1.69,"Sigonella, Italy",37.4014,14.9143,14.7
2026-06-01 13:30:25.000000,EMITTER-002,110.631,-97.4,25.0,FSK,61.4,1.69,"Souda Bay, Greece",35.4839,24.1335,20.2
2026-06-01 13:30:25.000000,EMITTER-002,110.631,-93.2,25.0,FSK,308.3,1.69,"Manama, Bahrain",26.2285,50.586,12.7
2026-06-01 13:30:25.000000,EMITTER-002,110.631,-94.3,25.0,FSK,117.3,1.69,"Ramstein, Germany",49.4366,7.6003,11.3
2026-06-01 13:30:25.000000,EMITTER-003,370.661,-110.0,25.0,CW,11.6,1.93,"Sigonella, Italy",37.4014,14.9143,9.2
2026-06-01 13:30:25.000000,EMITTER-003,370.661,-90.6,25.0,CW,319.9,1.93,"Souda Bay, Greece",35.4839,24.1335,8.4
2026-06-01 13:30:25.000000,EMITTER-003,370.661,-95.9,25.0,CW,309.7,1.93,"Manama, Bahrain",26.2285,50.586,14.5
2026-06-01 13:30:25.000000,EMITTER-003,370.661,-108.2,25.0,CW,139.0,1.93,"Ramstein, Germany",49.4366,7.6003,9.3
2026-06-01 14:00:13.000000,EMITTER-001,371.811,-107.0,200.0,FM,113.1,4.0,"Sigonella, Italy",37.4014,14.9143,9.1
2026-06-01 14:00:13.000000,EMITTER-001,371.811,-104.7,200.0,FM,272.9,4.0,"Souda Bay, Greece",35.4839,24.1335,7.7
2026-06-01 14:00:13.000000,EMITTER-001,371.811,-100.4,200.0,FM,295.2,4.0,"Manama, Bahrain",26.2285,50.586,12.2
2026-06-01 14:00:13.000000,EMITTER-001,371.811,-99.3,200.0,FM,142.7,4.0,"Ramstein, Germany",49.4366,7.6003,10.3
2026-06-01 14:00:13.000000,EMITTER-002,455.346,-107.0,25.0,FSK,81.0,14.02,"Sigonella, Italy",37.4014,14.9143,7.1
2026-06-01 14:00:13.000000,EMITTER-002,455.346,-91.4,25.0,FSK,61.5,14.02,"Souda Bay, Greece",35.4839,24.1335,7.4
2026-06-01 14:00:13.000000,EMITTER-002,455.346,-87.4,25.0,FSK,309.3,14.02,"Manama, Bahrain",26.2285,50.586,21.4
2026-06-01 14:00:13.000000,EMITTER-002,455.346,-80.1,25.0,FSK,116.6,14.02,"Ramstein, Germany",49.4366,7.6003,5.9
2026-06-01 14:00:13.000000,EMITTER-003,229.575,-92.7,200.0,FM,8.7,14.28,"Sigonella, Italy",37.4014,14.9143,21.1
2026-06-01 14:00:13.000000,EMITTER-003,229.575,-80.6,200.0,FM,318.3,14.28,"Souda Bay, Greece",35.4839,24.1335,15.0
2026-06-01 14:00:13.000000,EMITTER-003,229.575,-80.9,200.0,FM,307.6,14.28,"Manama, Bahrain",26.2285,50.586,12.6
2026-06-01 14:00:13.000000,EMITTER-003,229.575,-92.5,200.0,FM,138.0,14.28,"Ramstein, Germany",49.4366,7.6003,7.6
2026-06-01 14:30:06.000000,EMITTER-001,141.313,-92.3,200.0,FM,113.0,13.13,"Sigonella, Italy",37.4014,14.9143,12.2
2026-06-01 14:30:06.000000,EMITTER-001,141.313,-97.1,200.0,FM,273.2,13.13,"Souda Bay, Greece",35.4839,24.1335,17.7
2026-06-01 14:30:06.000000,EMITTER-001,141.313,-82.0,200.0,FM,296.3,13.13,"Manama, Bahrain",26.2285,50.586,12.8
2026-06-01 14:30:06.000000,EMITTER-001,141.313,-96.5,200.0,FM,142.1,13.13,"Ramstein, Germany",49.4366,7.6003,16.4
2026-06-01 14:30:06.000000,EMITTER-002,321.76,-99.6,200.0,FM,80.9,5.49,"Sigonella, Italy",37.4014,14.9143,12.6
2026-06-01 14:30:06.000000,EMITTER-002,321.76,-105.0,200.0,FM,59.7,5.49,"Souda Bay, Greece",35.4839,24.1335,19.5
2026-06-01 14:30:06.000000,EMITTER-002,321.76,-103.6,200.0,FM,310.2,5.49,"Manama, Bahrain",26.2285,50.586,16.3
2026-06-01 14:30:06.000000,EMITTER-002,321.76,-102.3,200.0,FM,118.7,5.49,"Ramstein, Germany",49.4366,7.6003,21.5
2026-06-01 14:30:06.000000,EMITTER-003,338.958,-108.4,12.5,PSK,9.6,10.37,"Sigonella, Italy",37.4014,14.9143,23.9
2026-06-01 14:30:06.000000,EMITTER-003,338.958,-82.3,12.5,PSK,316.3,10.37,"Souda Bay, Greece",35.4839,24.1335,16.6
2026-06-01 14:30:06.000000,EMITTER-003,338.958,-108.8,12.5,PSK,308.3,10.37,"Manama, Bahrain",26.2285,50.586,18.6
2026-06-01 14:30:06.000000,EMITTER-003,338.958,-109.2,12.5,PSK,140.1,10.37,"Ramstein, Germany",49.4366,7.6003,19.9
2026-06-01 15:00:07.000000,EMITTER-001,286.303,-86.4,25.0,FSK,114.9,1.08,"Sigonella, Italy",37.4014,14.9143,11.6
2026-06-01 15:00:07.000000,EMITTER-001,286.303,-98.8,25.0,FSK,270.6,1.08,"Souda Bay, Greece",35.4839,24.1335,16.3
2026-06-01 15:00:07.000000,EMITTER-001,286.303,-105.2,25.0,FSK,297.0,1.08,"Manama, Bahrain",26.2285,50.586,20.5
2026-06-01 15:00:07.000000,EMITTER-001,286.303,-93.9,25.0,FSK,144.2,1.08,"Ramstein, Germany",49.4366,7.6003,24.3
2026-06-01 15:00:07.000000,EMITTER-002,175.044,-83.7,25.0,CW,80.9,9.32,"Sigonella, Italy",37.4014,14.9143,12.5
2026-06-01 15:00:07.000000,EMITTER-002,175.044,-85.7,25.0,CW,60.4,9.32,"Souda Bay, Greece",35.4839,24.1335,14.6
2026-06-01 15:00:07.000000,EMITTER-002,175.044,-80.5,25.0,CW,308.9,9.32,"Manama, Bahrain",26.2285,50.586,17.1
2026-06-01 15:00:07.000000,EMITTER-002,175.044,-98.9,25.0,CW,115.5,9.32,"Ramstein, Germany",49.4366,7.6003,13.4
2026-06-01 15:00:07.000000,EMITTER-003,417.9,-101.5,50.0,QAM,11.5,12.73,"Sigonella, Italy",37.4014,14.9143,11.1
2026-06-01 15:00:07.000000,EMITTER-003,417.9,-109.3,50.0,QAM,318.2,12.73,"Souda Bay, Greece",35.4839,24.1335,15.4
2026-06-01 15:00:07.000000,EMITTER-003,417.9,-89.3,50.0,QAM,308.7,12.73,"Manama, Bahrain",26.2285,50.586,8.3
2026-06-01 15:00:07.000000,EMITTER-003,417.9,-98.7,50.0,QAM,136.9,12.73,"Ramstein, Germany",49.4366,7.6003,17.4
2026-06-01 15:30:17.000000,EMITTER-001,308.9,-105.8,25.0,FSK,112.8,4.0,"Sigonella, Italy",37.4014,14.9143,8.8
2026-06-01 15:30:17.000000,EMITTER-001,308.9,-107.1,25.0,FSK,271.1,4.0,"Souda Bay, Greece",35.4839,24.1335,23.9
2026-06-01 15:30:17.000000,EMITTER-001,308.9,-85.7,25.0,FSK,295.3,4.0,"Manama, Bahrain",26.2285,50.586,24.5
2026-06-01 15:30:17.000000,EMITTER-001,308.9,-90.4,25.0,FSK,142.8,4.0,"Ramstein, Germany",49.4366,7.6003,22.4
2026-06-01 15:30:17.000000,EMITTER-002,272.431,-94.0,25.0,FSK,84.3,1.5,"Sigonella, Italy",37.4014,14.9143,24.9
2026-06-01 15:30:17.000000,EMITTER-002,272.431,-108.8,25.0,FSK,59.3,1.5,"Souda Bay, Greece",35.4839,24.1335,19.1
2026-06-01 15:30:17.000000,EMITTER-002,272.431,-82.9,25.0,FSK,310.9,1.5,"Manama, Bahrain",26.2285,50.586,5.9
2026-06-01 15:30:17.000000,EMITTER-002,272.431,-84.9,25.0,FSK,115.2,1.5,"Ramstein, Germany",49.4366,7.6003,7.4
2026-06-01 15:30:17.000000,EMITTER-003,433.883,-94.0,25.0,FSK,10.3,3.18,"Sigonella, Italy",37.4014,14.9143,23.3
2026-06-01 15:30:17.000000,EMITTER-003,433.883,-98.1,25.0,FSK,316.6,3.18,"Souda Bay, Greece",35.4839,24.1335,13.9
2026-06-01 15:30:17.000000,EMITTER-003,433.883,-80.9,25.0,FSK,306.8,3.18,"Manama, Bahrain",26.2285,50.586,11.2
2026-06-01 15:30:17.000000,EMITTER-003,433.883,-101.4,25.0,FSK,137.1,3.18,"Ramstein, Germany",49.4366,7.6003,24.3
2026-06-01 16:00:20.000000,EMITTER-001,383.138,-80.7,50.0,QAM,115.2,12.62,"Sigonella, Italy",37.4014,14.9143,21.8
2026-06-01 16:00:20.000000,EMITTER-001,383.138,-106.2,50.0,QAM,271.7,12.62,"Souda Bay, Greece",35.4839,24.1335,20.9
2026-06-01 16:00:20.000000,EMITTER-001,383.138,-93.7,50.0,QAM,298.9,12.62,"Manama, Bahrain",26.2285,50.586,23.0
2026-06-01 16:00:20.000000,EMITTER-001,383.138,-88.9,50.0,QAM,142.1,12.62,"Ramstein, Germany",49.4366,7.6003,14.7
2026-06-01 16:00:20.000000,EMITTER-002,244.64,-107.3,50.0,QAM,83.6,6.48,"Sigonella, Italy",37.4014,14.9143,6.5
2026-06-01 16:00:20.000000,EMITTER-002,244.64,-96.6,50.0,QAM,60.5,6.48,"Souda Bay, Greece",35.4839,24.1335,23.6
2026-06-01 16:00:20.000000,EMITTER-002,244.64,-108.9,50.0,QAM,308.0,6.48,"Manama, Bahrain",26.2285,50.586,8.2
2026-06-01 16:00:20.000000,EMITTER-002,244.64,-80.7,50.0,QAM,117.1,6.48,"Ramstein, Germany",49.4366,7.6003,9.4
2026-06-01 16:00:20.000000,EMITTER-003,474.471,-102.9,25.0,FSK,8.6,14.68,"Sigonella, Italy",37.4014,14.9143,6.0
2026-06-01 16:00:20.000000,EMITTER-003,474.471,-108.1,25.0,FSK,318.6,14.68,"Souda Bay, Greece",35.4839,24.1335,8.9
2026-06-01 16:00:20.000000,EMITTER-003,474.471,-82.6,25.0,FSK,308.5,14.68,"Manama, Bahrain",26.2285,50.586,15.7
2026-06-01 16:00:20.000000,EMITTER-003,474.471,-103.9,25.0,FSK,139.2,14.68,"Ramstein, Germany",49.4366,7.6003,21.0
2026-06-01 16:30:19.000000,EMITTER-001,479.537,-107.3,50.0,QAM,113.2,5.87,"Sigonella, Italy",37.4014,14.9143,9.5
2026-06-01 16:30:19.000000,EMITTER-001,479.537,-81.6,50.0,QAM,272.6,5.87,"Souda Bay, Greece",35.4839,24.1335,12.6
2026-06-01 16:30:19.000000,EMITTER-001,479.537,-93.8,50.0,QAM,296.3,5.87,"Manama, Bahrain",26.2285,50.586,8.7
2026-06-01 16:30:19.000000,EMITTER-001,479.537,-90.4,50.0,QAM,142.0,5.87,"Ramstein, Germany",49.4366,7.6003,18.5
2026-06-01 16:30:19.000000,EMITTER-002,388.763,-81.9,25.0,CW,80.9,3.36,"Sigonella, Italy",37.4014,14.9143,8.8
2026-06-01 16:30:19.000000,EMITTER-002,388.763,-95.1,25.0,CW,60.1,3.36,"Souda Bay, Greece",35.4839,24.1335,15.4
2026-06-01 16:30:19.000000,EMITTER-002,388.763,-96.9,25.0,CW,309.1,3.36,"Manama, Bahrain",26.2285,50.586,24.9
2026-06-01 16:30:19.000000,EMITTER-002,388.763,-95.7,25.0,CW,115.3,3.36,"Ramstein, Germany",49.4366,7.6003,13.4
2026-06-01 16:30:19.000000,EMITTER-003,337.183,-90.9,200.0,FM,11.9,4.19,"Sigonella, Italy",37.4014,14.9143,6.0
2026-06-01 16:30:19.000000,EMITTER-003,337.183,-95.9,200.0,FM,318.2,4.19,"Souda Bay, Greece",35.4839,24.1335,22.9
2026-06-01 16:30:19.000000,EMITTER-003,337.183,-108.2,200.0,FM,308.6,4.19,"Manama, Bahrain",26.2285,50.586,21.4
2026-06-01 16:30:19.000000,EMITTER-003,337.183,-86.5,200.0,FM,139.3,4.19,"Ramstein, Germany",49.4366,7.6003,13.6
2026-06-01 17:00:05.000000,EMITTER-001,352.426,-90.1,50.0,QAM,115.2,5.87,"Sigonella, Italy",37.4014,14.9143,18.4
2026-06-01 17:00:05.000000,EMITTER-001,352.426,-98.9,50.0,QAM,272.7,5.87,"Souda Bay, Greece",35.4839,24.1335,13.5
2026-06-01 17:00:05.000000,EMITTER-001,352.426,-94.8,50.0,QAM,296.8,5.87,"Manama, Bahrain",26.2285,50.586,19.7
2026-06-01 17:00:05.000000,EMITTER-001,352.426,-103.5,50.0,QAM,140.8,5.87,"Ramstein, Germany",49.4366,7.6003,19.9
2026-06-01 17:00:05.000000,EMITTER-002,350.73,-83.2,25.0,FSK,80.9,11.46,"Sigonella, Italy",37.4014,14.9143,10.5
2026-06-01 17:00:05.000000,EMITTER-002,350.73,-81.3,25.0,FSK,58.9,11.46,"Souda Bay, Greece",35.4839,24.1335,8.1
2026-06-01 17:00:05.000000,EMITTER-002,350.73,-101.3,25.0,FSK,310.7,11.46,"Manama, Bahrain",26.2285,50.586,15.6
2026-06-01 17:00:05.000000,EMITTER-002,350.73,-87.2,25.0,FSK,115.7,11.46,"Ramstein, Germany",49.4366,7.6003,19.2
2026-06-01 17:00:05.000000,EMITTER-003,243.073,-105.6,200.0,FM,9.2,7.7,"Sigonella, Italy",37.4014,14.9143,10.5
2026-06-01 17:00:05.000000,EMITTER-003,243.073,-106.2,200.0,FM,319.1,7.7,"Souda Bay, Greece",35.4839,24.1335,16.0
2026-06-01 17:00:05.000000,EMITTER-003,243.073,-107.9,200.0,FM,309.1,7.7,"Manama, Bahrain",26.2285,50.586,14.6
2026-06-01 17:00:05.000000,EMITTER-003,243.073,-87.6,200.0,FM,138.5,7.7,"Ramstein, Germany",49.4366,7.6003,21.3
2026-06-01 17:30:13.000000,EMITTER-001,196.301,-104.7,25.0,CW,113.0,6.05,"Sigonella, Italy",37.4014,14.9143,14.3
2026-06-01 17:30:13.000000,EMITTER-001,196.301,-102.8,25.0,CW,270.8,6.05,"Souda Bay, Greece",35.4839,24.1335,20.0
2026-06-01 17:30:13.000000,EMITTER-001,196.301,-101.8,25.0,CW,296.8,6.05,"Manama, Bahrain",26.2285,50.586,7.6
2026-06-01 17:30:13.000000,EMITTER-001,196.301,-100.9,25.0,CW,141.2,6.05,"Ramstein, Germany",49.4366,7.6003,12.4
2026-06-01 17:30:13.000000,EMITTER-002,472.001,-90.7,12.5,PSK,84.5,7.97,"Sigonella, Italy",37.4014,14.9143,22.3
2026-06-01 17:30:13.000000,EMITTER-002,472.001,-91.6,12.5,PSK,61.7,7.97,"Souda Bay, Greece",35.4839,24.1335,22.8
2026-06-01 17:30:13.000000,EMITTER-002,472.001,-86.3,12.5,PSK,307.5,7.97,"Manama, Bahrain",26.2285,50.586,14.2
2026-06-01 17:30:13.000000,EMITTER-002,472.001,-109.5,12.5,PSK,117.0,7.97,"Ramstein, Germany",49.4366,7.6003,14.5
2026-06-01 17:30:13.000000,EMITTER-003,262.945,-93.4,25.0,CW,8.4,8.95,"Sigonella, Italy",37.4014,14.9143,21.7
2026-06-01 17:30:13.000000,EMITTER-003,262.945,-103.2,25.0,CW,319.7,8.95,"Souda Bay, Greece",35.4839,24.1335,20.9
2026-06-01 17:30:13.000000,EMITTER-003,262.945,-80.2,25.0,CW,309.6,8.95,"Manama, Bahrain",26.2285,50.586,22.5
2026-06-01 17:30:13.000000,EMITTER-003,262.945,-100.6,25.0,CW,137.8,8.95,"Ramstein, Germany",49.4366,7.6003,13.0
2026-06-01 18:00:24.000000,EMITTER-001,475.522,-93.3,12.5,PSK,112.1,5.82,"Sigonella, Italy",37.4014,14.9143,10.9
2026-06-01 18:00:24.000000,EMITTER-001,475.522,-104.1,12.5,PSK,273.3,5.82,"Souda Bay, Greece",35.4839,24.1335,6.2
2026-06-01 18:00:24.000000,EMITTER-001,475.522,-97.9,12.5,PSK,297.7,5.82,"Manama, Bahrain",26.2285,50.586,21.7
2026-06-01 18:00:24.000000,EMITTER-001,475.522,-104.2,12.5,PSK,143.5,5.82,"Ramstein, Germany",49.4366,7.6003,8.5
2026-06-01 18:00:24.000000,EMITTER-002,465.314,-89.7,50.0,QAM,81.4,2.96,"Sigonella, Italy",37.4014,14.9143,21.3
2026-06-01 18:00:24.000000,EMITTER-002,465.314,-101.7,50.0,QAM,59.2,2.96,"Souda Bay, Greece",35.4839,24.1335,24.3
2026-06-01 18:00:24.000000,EMITTER-002,465.314,-97.1,50.0,QAM,308.2,2.96,"Manama, Bahrain",26.2285,50.586,13.7
2026-06-01 18:00:24.000000,EMITTER-002,465.314,-86.7,50.0,QAM,116.5,2.96,"Ramstein, Germany",49.4366,7.6003,20.4
2026-06-01 18:00:24.000000,EMITTER-003,434.05,-109.9,200.0,FM,12.0,3.98,"Sigonella, Italy",37.4014,14.9143,16.4
2026-06-01 18:00:24.000000,EMITTER-003,434.05,-108.8,200.0,FM,318.4,3.98,"Souda Bay, Greece",35.4839,24.1335,9.2
2026-06-01 18:00:24.000000,EMITTER-003,434.05,-85.7,200.0,FM,307.6,3.98,"Manama, Bahrain",26.2285,50.586,6.8
2026-06-01 18:00:24.000000,EMITTER-003,434.05,-87.6,200.0,FM,137.5,3.98,"Ramstein, Germany",49.4366,7.6003,12.4
2026-06-01 18:30:05.000000,EMITTER-001,264.02,-84.1,200.0,FM,114.2,7.71,"Sigonella, Italy",37.4014,14.9143,17.8
2026-06-01 18:30:05.000000,EMITTER-001,264.02,-80.5,200.0,FM,271.1,7.71,"Souda Bay, Greece",35.4839,24.1335,13.2
2026-06-01 18:30:05.000000,EMITTER-001,264.02,-82.3,200.0,FM,297.9,7.71,"Manama, Bahrain",26.2285,50.586,9.9
2026-06-01 18:30:05.000000,EMITTER-001,264.02,-87.4,200.0,FM,142.2,7.71,"Ramstein, Germany",49.4366,7.6003,7.0
2026-06-01 18:30:05.000000,EMITTER-002,174.15,-101.3,200.0,AM,84.1,7.49,"Sigonella, Italy",37.4014,14.9143,20.9
2026-06-01 18:30:05.000000,EMITTER-002,174.15,-85.9,200.0,AM,59.2,7.49,"Souda Bay, Greece",35.4839,24.1335,10.3
2026-06-01 18:30:05.000000,EMITTER-002,174.15,-102.4,200.0,AM,311.0,7.49,"Manama, Bahrain",26.2285,50.586,7.7
2026-06-01 18:30:05.000000,EMITTER-002,174.15,-97.9,200.0,AM,118.4,7.49,"Ramstein, Germany",49.4366,7.6003,9.5
2026-06-01 18:30:05.000000,EMITTER-003,259.678,-105.1,200.0,FM,11.1,1.49,"Sigonella, Italy",37.4014,14.9143,17.8
2026-06-01 18:30:05.000000,EMITTER-003,259.678,-103.7,200.0,FM,319.7,1.49,"Souda Bay, Greece",35.4839,24.1335,23.3
2026-06-01 18:30:05.000000,EMITTER-003,259.678,-84.5,200.0,FM,306.2,1.49,"Manama, Bahrain",26.2285,50.586,9.6
2026-06-01 18:30:05.000000,EMITTER-003,259.678,-84.0,200.0,FM,139.2,1.49,"Ramstein, Germany",49.4366,7.6003,11.1
2026-06-01 19:00:16.000000,EMITTER-001,151.317,-81.8,25.0,CW,113.2,11.93,"Sigonella, Italy",37.4014,14.9143,19.6
2026-06-01 19:00:16.000000,EMITTER-001,151.317,-83.7,25.0,CW,272.5,11.93,"Souda Bay, Greece",35.4839,24.1335,15.5
2026-06-01 19:00:16.000000,EMITTER-001,151.317,-85.4,25.0,CW,296.2,11.93,"Manama, Bahrain",26.2285,50.586,20.0
2026-06-01 19:00:16.000000,EMITTER-001,151.317,-106.5,25.0,CW,142.3,11.93,"Ramstein, Germany",49.4366,7.6003,9.8
2026-06-01 19:00:16.000000,EMITTER-002,333.058,-86.4,25.0,CW,81.5,6.53,"Sigonella, Italy",37.4014,14.9143,23.3
2026-06-01 19:00:16.000000,EMITTER-002,333.058,-87.9,25.0,CW,60.2,6.53,"Souda Bay, Greece",35.4839,24.1335,18.6
2026-06-01 19:00:16.000000,EMITTER-002,333.058,-104.3,25.0,CW,311.0,6.53,"Manama, Bahrain",26.2285,50.586,20.9
2026-06-01 19:00:16.000000,EMITTER-002,333.058,-88.3,25.0,CW,118.9,6.53,"Ramstein, Germany",49.4366,7.6003,23.4
2026-06-01 19:00:16.000000,EMITTER-003,240.82,-95.8,12.5,PSK,8.4,9.94,"Sigonella, Italy",37.4014,14.9143,24.7
2026-06-01 19:00:16.000000,EMITTER-003,240.82,-97.6,12.5,PSK,317.4,9.94,"Souda Bay, Greece",35.4839,24.1335,22.5
2026-06-01 19:00:16.000000,EMITTER-003,240.82,-86.4,12.5,PSK,309.9,9.94,"Manama, Bahrain",26.2285,50.586,12.7
2026-06-01 19:00:16.000000,EMITTER-003,240.82,-83.5,12.5,PSK,139.8,9.94,"Ramstein, Germany",49.4366,7.6003,11.0
2026-06-01 19:30:06.000000,EMITTER-001,342.545,-85.1,25.0,FSK,112.3,10.22,"Sigonella, Italy",37.4014,14.9143,5.5
2026-06-01 19:30:06.000000,EMITTER-001,342.545,-88.6,25.0,FSK,271.5,10.22,"Souda Bay, Greece",35.4839,24.1335,16.3
2026-06-01 19:30:06.000000,EMITTER-001,342.545,-108.3,25.0,FSK,298.5,10.22,"Manama, Bahrain",26.2285,50.586,12.0
2026-06-01 19:30:06.000000,EMITTER-001,342.545,-109.1,25.0,FSK,144.1,10.22,"Ramstein, Germany",49.4366,7.6003,12.9
2026-06-01 19:30:06.000000,EMITTER-002,399.882,-84.0,50.0,QAM,84.0,4.61,"Sigonella, Italy",37.4014,14.9143,19.9
2026-06-01 19:30:06.000000,EMITTER-002,399.882,-103.5,50.0,QAM,61.2,4.61,"Souda Bay, Greece",35.4839,24.1335,15.6
2026-06-01 19:30:06.000000,EMITTER-002,399.882,-102.6,50.0,QAM,307.3,4.61,"Manama, Bahrain",26.2285,50.586,9.6
2026-06-01 19:30:06.000000,EMITTER-002,399.882,-81.2,50.0,QAM,117.5,4.61,"Ramstein, Germany",49.4366,7.6003,19.2
2026-06-01 19:30:06.000000,EMITTER-003,397.598,-95.7,200.0,AM,10.6,8.44,"Sigonella, Italy",37.4014,14.9143,14.0
2026-06-01 19:30:06.000000,EMITTER-003,397.598,-104.0,200.0,AM,319.5,8.44,"Souda Bay, Greece",35.4839,24.1335,22.8
2026-06-01 19:30:06.000000,EMITTER-003,397.598,-99.5,200.0,AM,306.6,8.44,"Manama, Bahrain",26.2285,50.586,16.6
2026-06-01 19:30:06.000000,EMITTER-003,397.598,-80.8,200.0,AM,140.4,8.44,"Ramstein, Germany",49.4366,7.6003,23.1
2026-06-01 20:00:24.000000,EMITTER-001,167.654,-107.3,200.0,FM,111.7,3.96,"Sigonella, Italy",37.4014,14.9143,7.4
2026-06-01 20:00:24.000000,EMITTER-001,167.654,-80.3,200.0,FM,270.0,3.96,"Souda Bay, Greece",35.4839,24.1335,6.5
2026-06-01 20:00:24.000000,EMITTER-001,167.654,-85.2,200.0,FM,298.1,3.96,"Manama, Bahrain",26.2285,50.586,16.6
2026-06-01 20:00:24.000000,EMITTER-001,167.654,-91.1,200.0,FM,142.9,3.96,"Ramstein, Germany",49.4366,7.6003,22.6
2026-06-01 20:00:24.000000,EMITTER-002,385.1,-99.6,25.0,FSK,81.2,7.26,"Sigonella, Italy",37.4014,14.9143,14.4
2026-06-01 20:00:24.000000,EMITTER-002,385.1,-86.1,25.0,FSK,58.7,7.26,"Souda Bay, Greece",35.4839,24.1335,10.2
2026-06-01 20:00:24.000000,EMITTER-002,385.1,-102.6,25.0,FSK,308.5,7.26,"Manama, Bahrain",26.2285,50.586,21.8
2026-06-01 20:00:24.000000,EMITTER-002,385.1,-89.4,25.0,FSK,115.3,7.26,"Ramstein, Germany",49.4366,7.6003,22.1
2026-06-01 20:00:24.000000,EMITTER-003,406.01,-103.5,12.5,PSK,11.6,5.31,"Sigonella, Italy",37.4014,14.9143,18.8
2026-06-01 20:00:24.000000,EMITTER-003,406.01,-101.1,12.5,PSK,317.5,5.31,"Souda Bay, Greece",35.4839,24.1335,16.4
2026-06-01 20:00:24.000000,EMITTER-003,406.01,-93.4,12.5,PSK,308.4,5.31,"Manama, Bahrain",26.2285,50.586,17.4
2026-06-01 20:00:24.000000,EMITTER-003,406.01,-91.3,12.5,PSK,139.5,5.31,"Ramstein, Germany",49.4366,7.6003,7.7
2026-06-01 20:30:18.000000,EMITTER-001,373.035,-96.6,25.0,CW,111.7,2.04,"Sigonella, Italy",37.4014,14.9143,13.2
2026-06-01 20:30:18.000000,EMITTER-001,373.035,-103.3,25.0,CW,272.5,2.04,"Souda Bay, Greece",35.4839,24.1335,13.8
2026-06-01 20:30:18.000000,EMITTER-001,373.035,-102.9,25.0,CW,297.2,2.04,"Manama, Bahrain",26.2285,50.586,21.6
2026-06-01 20:30:18.000000,EMITTER-001,373.035,-87.2,25.0,CW,142.3,2.04,"Ramstein, Germany",49.4366,7.6003,14.5
2026-06-01 20:30:18.000000,EMITTER-002,471.188,-94.1,200.0,AM,83.5,7.89,"Sigonella, Italy",37.4014,14.9143,17.0
2026-06-01 20:30:18.000000,EMITTER-002,471.188,-107.8,200.0,AM,60.0,7.89,"Souda Bay, Greece",35.4839,24.1335,15.3
2026-06-01 20:30:18.000000,EMITTER-002,471.188,-82.3,200.0,AM,309.1,7.89,"Manama, Bahrain",26.2285,50.586,14.9
2026-06-01 20:30:18.000000,EMITTER-002,471.188,-81.1,200.0,AM,115.7,7.89,"Ramstein, Germany",49.4366,7.6003,14.0
2026-06-01 20:30:18.000000,EMITTER-003,186.766,-110.0,12.5,PSK,11.1,2.33,"Sigonella, Italy",37.4014,14.9143,13.6
2026-06-01 20:30:18.000000,EMITTER-003,186.766,-88.0,12.5,PSK,318.6,2.33,"Souda Bay, Greece",35.4839,24.1335,5.6
2026-06-01 20:30:18.000000,EMITTER-003,186.766,-105.4,12.5,PSK,306.7,2.33,"Manama, Bahrain",26.2285,50.586,23.8
2026-06-01 20:30:18.000000,EMITTER-003,186.766,-91.2,12.5,PSK,139.3,2.33,"Ramstein, Germany",49.4366,7.6003,11.5
2026-06-01 21:00:09.000000,EMITTER-001,403.857,-82.8,25.0,FSK,114.4,4.23,"Sigonella, Italy",37.4014,14.9143,15.0
2026-06-01 21:00:09.000000,EMITTER-001,403.857,-84.5,25.0,FSK,270.4,4.23,"Souda Bay, Greece",35.4839,24.1335,25.0
2026-06-01 21:00:09.000000,EMITTER-001,403.857,-101.4,25.0,FSK,296.1,4.23,"Manama, Bahrain",26.2285,50.586,10.0
2026-06-01 21:00:09.000000,EMITTER-001,403.857,-92.5,25.0,FSK,144.3,4.23,"Ramstein, Germany",49.4366,7.6003,24.9
2026-06-01 21:00:09.000000,EMITTER-002,355.611,-82.0,200.0,AM,82.6,13.04,"Sigonella, Italy",37.4014,14.9143,9.1
2026-06-01 21:00:09.000000,EMITTER-002,355.611,-85.0,200.0,AM,59.9,13.04,"Souda Bay, Greece",35.4839,24.1335,11.1
2026-06-01 21:00:09.000000,EMITTER-002,355.611,-80.4,200.0,AM,310.8,13.04,"Manama, Bahrain",26.2285,50.586,24.7
2026-06-01 21:00:09.000000,EMITTER-002,355.611,-86.0,200.0,AM,116.3,13.04,"Ramstein, Germany",49.4366,7.6003,10.4
2026-06-01 21:00:09.000000,EMITTER-003,318.913,-94.8,12.5,PSK,9.6,8.85,"Sigonella, Italy",37.4014,14.9143,17.7
2026-06-01 21:00:09.000000,EMITTER-003,318.913,-87.5,12.5,PSK,317.6,8.85,"Souda Bay, Greece",35.4839,24.1335,11.7
2026-06-01 21:00:09.000000,EMITTER-003,318.913,-106.2,12.5,PSK,309.4,8.85,"Manama, Bahrain",26.2285,50.586,8.8
2026-06-01 21:00:09.000000,EMITTER-003,318.913,-96.6,12.5,PSK,139.7,8.85,"Ramstein, Germany",49.4366,7.6003,9.6
2026-06-01 21:30:29.000000,EMITTER-001,108.462,-104.7,12.5,PSK,112.5,5.43,"Sigonella, Italy",37.4014,14.9143,18.1
2026-06-01 21:30:29.000000,EMITTER-001,108.462,-108.1,12.5,PSK,271.8,5.43,"Souda Bay, Greece",35.4839,24.1335,6.1
2026-06-01 21:30:29.000000,EMITTER-001,108.462,-109.3,12.5,PSK,295.6,5.43,"Manama, Bahrain",26.2285,50.586,22.0
2026-06-01 21:30:29.000000,EMITTER-001,108.462,-91.8,12.5,PSK,142.1,5.43,"Ramstein, Germany",49.4366,7.6003,13.9
2026-06-01 21:30:29.000000,EMITTER-002,421.101,-109.7,25.0,FSK,84.1,13.5,"Sigonella, Italy",37.4014,14.9143,8.6
2026-06-01 21:30:29.000000,EMITTER-002,421.101,-93.5,25.0,FSK,58.9,13.5,"Souda Bay, Greece",35.4839,24.1335,8.0
2026-06-01 21:30:29.000000,EMITTER-002,421.101,-90.2,25.0,FSK,309.6,13.5,"Manama, Bahrain",26.2285,50.586,19.5
2026-06-01 21:30:29.000000,EMITTER-002,421.101,-81.4,25.0,FSK,116.2,13.5,"Ramstein, Germany",49.4366,7.6003,14.9
2026-06-01 21:30:29.000000,EMITTER-003,290.893,-103.3,200.0,AM,9.4,6.04,"Sigonella, Italy",37.4014,14.9143,5.9
2026-06-01 21:30:29.000000,EMITTER-003,290.893,-88.7,200.0,AM,318.1,6.04,"Souda Bay, Greece",35.4839,24.1335,5.4
2026-06-01 21:30:29.000000,EMITTER-003,290.893,-90.7,200.0,AM,309.1,6.04,"Manama, Bahrain",26.2285,50.586,17.2
2026-06-01 21:30:29.000000,EMITTER-003,290.893,-85.7,200.0,AM,137.1,6.04,"Ramstein, Germany",49.4366,7.6003,19.2
2026-06-01 22:00:25.000000,EMITTER-001,341.362,-108.7,25.0,FSK,113.2,4.44,"Sigonella, Italy",37.4014,14.9143,9.5
2026-06-01 22:00:25.000000,EMITTER-001,341.362,-97.6,25.0,FSK,272.8,4.44,"Souda Bay, Greece",35.4839,24.1335,8.5
2026-06-01 22:00:25.000000,EMITTER-001,341.362,-82.2,25.0,FSK,298.7,4.44,"Manama, Bahrain",26.2285,50.586,9.0
2026-06-01 22:00:25.000000,EMITTER-001,341.362,-109.5,25.0,FSK,144.1,4.44,"Ramstein, Germany",49.4366,7.6003,23.5
2026-06-01 22:00:25.000000,EMITTER-002,405.208,-82.8,12.5,PSK,82.7,14.58,"Sigonella, Italy",37.4014,14.9143,24.4
2026-06-01 22:00:25.000000,EMITTER-002,405.208,-107.7,12.5,PSK,60.6,14.58,"Souda Bay, Greece",35.4839,24.1335,22.0
2026-06-01 22:00:25.000000,EMITTER-002,405.208,-91.6,12.5,PSK,309.5,14.58,"Manama, Bahrain",26.2285,50.586,13.3
2026-06-01 22:00:25.000000,EMITTER-002,405.208,-105.4,12.5,PSK,115.3,14.58,"Ramstein, Germany",49.4366,7.6003,19.8
2026-06-01 22:00:25.000000,EMITTER-003,391.912,-95.8,200.0,AM,9.2,12.89,"Sigonella, Italy",37.4014,14.9143,15.2
2026-06-01 22:00:25.000000,EMITTER-003,391.912,-80.9,200.0,AM,317.8,12.89,"Souda Bay, Greece",35.4839,24.1335,19.7
2026-06-01 22:00:25.000000,EMITTER-003,391.912,-104.8,200.0,AM,307.9,12.89,"Manama, Bahrain",26.2285,50.586,9.4
2026-06-01 22:00:25.000000,EMITTER-003,391.912,-81.7,200.0,AM,137.6,12.89,"Ramstein, Germany",49.4366,7.6003,19.7
2026-06-01 22:30:28.000000,EMITTER-001,251.28,-102.7,50.0,QAM,115.1,12.92,"Sigonella, Italy",37.4014,14.9143,17.4
2026-06-01 22:30:28.000000,EMITTER-001,251.28,-102.3,50.0,QAM,273.4,12.92,"Souda Bay, Greece",35.4839,24.1335,18.9
2026-06-01 22:30:28.000000,EMITTER-001,251.28,-105.5,50.0,QAM,297.7,12.92,"Manama, Bahrain",26.2285,50.586,6.8
2026-06-01 22:30:28.000000,EMITTER-001,251.28,-99.8,50.0,QAM,142.2,12.92,"Ramstein, Germany",49.4366,7.6003,6.4
2026-06-01 22:30:28.000000,EMITTER-002,214.049,-84.6,25.0,CW,83.9,5.69,"Sigonella, Italy",37.4014,14.9143,15.4
2026-06-01 22:30:28.000000,EMITTER-002,214.049,-96.6,25.0,CW,60.7,5.69,"Souda Bay, Greece",35.4839,24.1335,24.1
2026-06-01 22:30:28.000000,EMITTER-002,214.049,-106.5,25.0,CW,309.2,5.69,"Manama, Bahrain",26.2285,50.586,22.7
2026-06-01 22:30:28.000000,EMITTER-002,214.049,-105.8,25.0,CW,117.8,5.69,"Ramstein, Germany",49.4366,7.6003,8.1
2026-06-01 22:30:28.000000,EMITTER-003,118.949,-105.8,25.0,CW,9.7,5.01,"Sigonella, Italy",37.4014,14.9143,13.8
2026-06-01 22:30:28.000000,EMITTER-003,118.949,-94.3,25.0,CW,316.4,5.01,"Souda Bay, Greece",35.4839,24.1335,10.6
2026-06-01 22:30:28.000000,EMITTER-003,118.949,-91.6,25.0,CW,308.6,5.01,"Manama, Bahrain",26.2285,50.586,12.5
2026-06-01 22:30:28.000000,EMITTER-003,118.949,-106.7,25.0,CW,137.7,5.01,"Ramstein, Germany",49.4366,7.6003,5.3
2026-06-01 23:00:10.000000,EMITTER-001,257.629,-98.7,25.0,FSK,113.8,12.34,"Sigonella, Italy",37.4014,14.9143,15.6
2026-06-01 23:00:10.000000,EMITTER-001,257.629,-109.3,25.0,FSK,270.9,12.34,"Souda Bay, Greece",35.4839,24.1335,15.3
2026-06-01 23:00:10.000000,EMITTER-001,257.629,-97.4,25.0,FSK,298.1,12.34,"Manama, Bahrain",26.2285,50.586,7.0
2026-06-01 23:00:10.000000,EMITTER-001,257.629,-81.7,25.0,FSK,142.7,12.34,"Ramstein, Germany",49.4366,7.6003,5.4
2026-06-01 23:00:10.000000,EMITTER-002,213.923,-91.0,200.0,FM,84.4,12.03,"Sigonella, Italy",37.4014,14.9143,23.6
2026-06-01 23:00:10.000000,EMITTER-002,213.923,-108.7,200.0,FM,60.3,12.03,"Souda Bay, Greece",35.4839,24.1335,13.9
2026-06-01 23:00:10.000000,EMITTER-002,213.923,-105.6,200.0,FM,311.2,12.03,"Manama, Bahrain",26.2285,50.586,11.7
2026-06-01 23:00:10.000000,EMITTER-002,213.923,-109.5,200.0,FM,118.4,12.03,"Ramstein, Germany",49.4366,7.6003,14.1
2026-06-01 23:00:10.000000,EMITTER-003,229.561,-80.7,25.0,CW,8.5,7.72,"Sigonella, Italy",37.4014,14.9143,14.5
2026-06-01 23:00:10.000000,EMITTER-003,229.561,-108.4,25.0,CW,317.4,7.72,"Souda Bay, Greece",35.4839,24.1335,23.9
2026-06-01 23:00:10.000000,EMITTER-003,229.561,-94.9,25.0,CW,307.7,7.72,"Manama, Bahrain",26.2285,50.586,6.8
2026-06-01 23:00:10.000000,EMITTER-003,229.561,-82.1,25.0,CW,140.6,7.72,"Ramstein, Germany",49.4366,7.6003,15.0
2026-06-01 23:30:29.000000,EMITTER-001,301.818,-96.6,200.0,FM,114.8,13.03,"Sigonella, Italy",37.4014,14.9143,10.6
2026-06-01 23:30:29.000000,EMITTER-001,301.818,-98.3,200.0,FM,273.4,13.03,"Souda Bay, Greece",35.4839,24.1335,15.6
2026-06-01 23:30:29.000000,EMITTER-001,301.818,-104.4,200.0,FM,295.1,13.03,"Manama, Bahrain",26.2285,50.586,11.0
2026-06-01 23:30:29.000000,EMITTER-001,301.818,-98.2,200.0,FM,143.0,13.03,"Ramstein, Germany",49.4366,7.6003,9.0
2026-06-01 23:30:29.000000,EMITTER-002,369.925,-99.3,25.0,FSK,83.4,4.69,"Sigonella, Italy",37.4014,14.9143,12.0
2026-06-01 23:30:29.000000,EMITTER-002,369.925,-96.0,25.0,FSK,61.5,4.69,"Souda Bay, Greece",35.4839,24.1335,12.2
2026-06-01 23:30:29.000000,EMITTER-002,369.925,-92.8,25.0,FSK,310.8,4.69,"Manama, Bahrain",26.2285,50.586,9.3
2026-06-01 23:30:29.000000,EMITTER-002,369.925,-99.7,25.0,FSK,117.0,4.69,"Ramstein, Germany",49.4366,7.6003,5.8
2026-06-01 23:30:29.000000,EMITTER-003,149.575,-87.6,200.0,FM,11.2,4.34,"Sigonella, Italy",37.4014,14.9143,7.6
2026-06-01 23:30:29.000000,EMITTER-003,149.575,-81.9,200.0,FM,319.1,4.34,"Souda Bay, Greece",35.4839,24.1335,17.1
2026-06-01 23:30:29.000000,EMITTER-003,149.575,-88.6,200.0,FM,307.4,4.34,"Manama, Bahrain",26.2285,50.586,24.9
2026-06-01 23:30:29.000000,EMITTER-003,149.575,-105.1,200.0,FM,138.8,4.34,"Ramstein, Germany",49.4366,7.6003,15.4
